"","Group","ID","Tissue","Chain","TRV","CDR3","TRJ","Freq","Count","NT"
"1","Control",7,"IEL","TRG","4","CATWNYYYKKLF","1",95.89041096,70,1
"2","Control",7,"IEL","TRG","4","CATWDGPGYKKLF","1",4.109589041,3,1
"3","Control",7,"IEL","TRD","1","CALGELTFANVLGDTPRKLIF","1",33.33333333,31,1
"4","Control",7,"IEL","TRD","1","CALGESLEPTRYGGPDKLIF","1",27.95698925,26,1
"5","Control",7,"IEL","TRD","1","CALGDTFIQGDKLIF","1",13.97849462,13,1
"6","Control",7,"IEL","TRD","1","CALGEPPTSLLGAPYTDKLIF","1",12.90322581,12,1
"7","Control",7,"IEL","TRD","1","CALGELPTYLWGIRYTDKLIF","1",4.301075269,4,1
"8","Control",7,"IEL","TRD","1","CALGEPTFANVLGDTPRKLIF","1",2.150537634,2,1
"9","Control",7,"IEL","TRD","1","CALGDTFIQGDKRIF","1",2.150537634,2,1
"10","Control",7,"IEL","TRD","1","CALGEGLPTDPVLGDTPAGLIF","1",1.075268817,1,1
"11","Control",7,"IEL","TRD","1","CALGERRCTGGYTDKLIF","1",1.075268817,1,1
"12","Control",7,"IEL","TRD","1","CALGELPFRTDKLIF","1",1.075268817,1,1
"13","Control",7,"PBL","TRG","9","CALWVYYKKLF","1",89.01098901,81,1
"14","Control",7,"PBL","TRG","9","CALWEDYYKKLF","2",6.593406593,6,2
"15","Control",7,"PBL","TRG","9","CALWEVLINYYKKLF","2",3.296703297,3,1
"16","Control",7,"PBL","TRG","9","CALRVYYKKLF","1",1.098901099,1,1
"17","Control",7,"PBL","TRD","1","CALGEPHSSWGSYTDKLIF","1",66.30434783,61,1
"18","Control",7,"PBL","TRD","1","CALGETYLGEAYTDKLIF","1",11.95652174,11,1
"19","Control",7,"PBL","TRD","2","CACDTSGVFCDQNPATNTDKLIF","1",7.608695652,7,1
"20","Control",7,"PBL","TRD","1","CALGEVGFSSSVGGGYASELIF","1",5.434782609,5,1
"21","Control",7,"PBL","TRD","1","CALGESFPFSTGGYARNGDKLIF","1",3.260869565,3,1
"22","Control",7,"PBL","TRD","1","CALGELHPRADKLIF","1",3.260869565,3,1
"23","Control",7,"PBL","TRD","1","CALGELDLGTRHPHHTDKLIF","1",1.086956522,1,1
"24","Control",7,"PBL","TRD","1","CALEEPHSSWGSYTDKLIF","1",1.086956522,1,1
"25","Control",13,"IEL","TRG","4","CATWDSRGEKLF","1",19.17808219,14,2
"26","Control",13,"IEL","TRG","4","CATWDLGDKKLF","1",19.17808219,14,2
"27","Control",13,"IEL","TRG","4","CATWDGPYYKKLF","1",15.06849315,11,1
"28","Control",13,"IEL","TRG","4","CATEHNYKKLF","1",15.06849315,11,1
"29","Control",13,"IEL","TRG","4","CATWDGGGLNYYKKLF","2",8.219178082,6,2
"30","Control",13,"IEL","TRG","4","CATWDGLCSDWIKTF","P2",8.219178082,6,1
"31","Control",13,"IEL","TRG","4","CATWDGPPSIDYYKKLF","1",5.479452055,4,1
"32","Control",13,"IEL","TRG","4","CATWVNYYKKLF","2",5.479452055,4,1
"33","Control",13,"IEL","TRG","4","CATWDGIYYKKLF","1",2.739726027,2,1
"34","Control",13,"IEL","TRG","4","CATWEWDWIKTF","P2",1.369863014,1,1
"35","Control",13,"IEL","TRD","1","CALGELRGTYTDKLIF","1",12.04819277,10,1
"36","Control",13,"IEL","TRD","1","CALGEYHHWGIMPSTDKLIF","1",10.84337349,9,2
"37","Control",13,"IEL","TRD","1","CALGEYSGYWGIYGDKLIF","1",8.43373494,7,1
"38","Control",13,"IEL","TRD","1","CALGYLGPNDKLIF","1",8.43373494,7,1
"39","Control",13,"IEL","TRD","1","CALGERSFPEYWGTTDKLIF","1",7.228915663,6,2
"40","Control",13,"IEL","TRD","1","CALGERSSDWGIPYTDKLIF","1",6.024096386,5,1
"41","Control",13,"IEL","TRD","1","CALGELVRMGAAKWTDKLIF","1",6.024096386,5,1
"42","Control",13,"IEL","TRD","1","CALGEILIGGYYTDKLIF","1",6.024096386,5,1
"43","Control",13,"IEL","TRD","1","CALGELDPLRLGARWTDKLIF","1",4.819277108,4,1
"44","Control",13,"IEL","TRD","2","CACDTELGDSAGDKLIF","1",4.819277108,4,1
"45","Control",13,"IEL","TRD","1","CALGELRGPTDKLIF","1",4.819277108,4,1
"46","Control",13,"IEL","TRD","1","CALGDPSTPTLWGIPPADKLIF","1",3.614457831,3,1
"47","Control",13,"IEL","TRD","1","CALGEWTRISTSIALIF","1",3.614457831,3,1
"48","Control",13,"IEL","TRD","1","CALGELAVTWGPRELIF","1",3.614457831,3,1
"49","Control",13,"IEL","TRD","1","CALGVRGLGADKLIF","1",2.409638554,2,1
"50","Control",13,"IEL","TRD","1","CALGGLSSHWGTGRATDKLIF","1",1.204819277,1,1
"51","Control",13,"IEL","TRD","1","CALGERLLYWGIRPYTDKLIF","1",1.204819277,1,1
"52","Control",13,"IEL","TRD","1","CALGELVRMKAAKWTDKLIF","1",1.204819277,1,1
"53","Control",13,"IEL","TRD","1","CALGEYHHWGIMPPTDKLIF","1",1.204819277,1,1
"54","Control",13,"IEL","TRD","1","CALGDHQFPRSGGYDKLIF","1",1.204819277,1,1
"55","Control",13,"IEL","TRD","1","CALGEHLLIHGPDKLIF","1",1.204819277,1,1
"56","Control",13,"PBL","TRG","9","CALWEVRWKLF","1 or 2",17.46031746,11,1
"57","Control",13,"PBL","TRG","4","CATWDGQGYKKLF","2",11.11111111,7,1
"58","Control",13,"PBL","TRG","3","CATWATNYYKKLF","2",7.936507937,5,1
"59","Control",13,"PBL","TRG","8","CATWDRNYKKLF","1 or 2",7.936507937,5,1
"60","Control",13,"PBL","TRG","2","CATWDGYYKKLF","1 or 2",7.936507937,5,2
"61","Control",13,"PBL","TRG","2","CATWELLGGSDWIKTF","P2",6.349206349,4,1
"62","Control",13,"PBL","TRG","3","CATWDRRGDWIKTF","P2",6.349206349,4,1
"63","Control",13,"PBL","TRG","8","CATWDNGYKKLF","2",6.349206349,4,1
"64","Control",13,"PBL","TRG","2","CATWDGYKKLF","1 or 2",4.761904762,3,2
"65","Control",13,"PBL","TRG","9","CALWEAHLNWSYYKKLF","1",3.174603175,2,1
"66","Control",13,"PBL","TRG","9","CALWEVLNYYKKLF","2",3.174603175,2,1
"67","Control",13,"PBL","TRG","9","CALWETRGYKKLF","1",3.174603175,2,1
"68","Control",13,"PBL","TRG","8","CATWGRNYKKLF","1",3.174603175,2,1
"69","Control",13,"PBL","TRG","9","CALWEVLLGRKKLF","1",1.587301587,1,1
"70","Control",13,"PBL","TRG","9","CALWDANYYKKLF","2",1.587301587,1,1
"71","Control",13,"PBL","TRG","9","CALWERTYYKKLF","1",1.587301587,1,1
"72","Control",13,"PBL","TRG","9","CALWERRGYKKLF","1",1.587301587,1,1
"73","Control",13,"PBL","TRG","9","CALWEPPYYKKLF","1",1.587301587,1,1
"74","Control",13,"PBL","TRG","9","CALCETRGYKKLF","1",1.587301587,1,1
"75","Control",13,"PBL","TRG","4","CATWDGPHKKLF","1 or 2",1.587301587,1,1
"76","Control",13,"PBL","TRD","1","CALAGGTYTDKLIF","1",13.51,10,1
"77","Control",13,"PBL","TRD","1","CALGGLTFLRLLSTGGYTDKLIF","1",8.11,6,1
"78","Control",13,"PBL","TRD","1","CALGELSLLCFELGEMYTDKLIF","1",8.11,6,1
"79","Control",13,"PBL","TRD","1","CALGERSSFLRGVRSHCTDKLIF","1",6.76,5,1
"80","Control",13,"PBL","TRD","1","CALGECETSSPRTGGYTSVSKLIF","1",4.05,3,1
"81","Control",13,"PBL","TRD","1","CALGEDVPTSPYWGIGTDKLIF","1",4.05,3,1
"82","Control",13,"PBL","TRD","1","CALGSLHLGDGDCRDKLIF","1",4.05,3,1
"83","Control",13,"PBL","TRD","1","CALGERLKAGGPYTDKLIF","1",4.05,3,1
"84","Control",13,"PBL","TRD","1","CALGERPAGGYTDKLIF","1",4.05,3,1
"85","Control",13,"PBL","TRD","1","CALVLLSDVVTDKLIF","1",4.05,3,1
"86","Control",13,"PBL","TRD","1","CALVGVGAYVTDKLIF","1",4.05,3,1
"87","Control",13,"PBL","TRD","1","CALGECPPGGFQGLSDTDKLIF","1",2.7,2,1
"88","Control",13,"PBL","TRD","1","CALGEFSRPGGQPYTDKLIF","1",2.7,2,1
"89","Control",13,"PBL","TRD","1","CALGEGLRKVTTNTDKLIF","1",2.7,2,1
"90","Control",13,"PBL","TRD","1","CALGELYRGIRGYTDKLIF","1",2.7,2,1
"91","Control",13,"PBL","TRD","1","CALGELDAPTGGCLKLIF","1",2.7,2,1
"92","Control",13,"PBL","TRD","1","CALGDQYTDKLIF","1",2.7,2,1
"93","Control",13,"PBL","TRD","1","CALGELVVIPHNDRRTGGYAYAHPDKLIF","1",1.35,1,1
"94","Control",13,"PBL","TRD","1","CALGELRPSYRPRTGGYVDTDKLIF","1",1.35,1,1
"95","Control",13,"PBL","TRD","1","CALGDRHYRLHWGMRNTDKLIF","1",1.35,1,1
"96","Control",13,"PBL","TRD","1","CALGELAFLRGWGPDSYDKLIF","1",1.35,1,1
"97","Control",13,"PBL","TRD","1","CALGEDSWGIRDHAYTDKLIF","1",1.35,1,1
"98","Control",13,"PBL","TRD","1","CALGELLPSYSGGRYTDKLIF","1",1.35,1,1
"99","Control",13,"PBL","TRD","1","CALGETPFPGAWLYTDKLIF","1",1.35,1,1
"100","Control",13,"PBL","TRD","1","CALGGPSTFPEVGDRDKLIF","1",1.35,1,1
"101","Control",13,"PBL","TRD","1","CALGELFRGIRGYTDKLIF","1",1.35,1,1
"102","Control",13,"PBL","TRD","1","CALGQSTYYWGPSTDKLIF","1",1.35,1,1
"103","Control",13,"PBL","TRD","1","CALRELLRAGDTTDKLIF","1",1.35,1,1
"104","Control",13,"PBL","TRD","1","CALGELLRAGDTTDKLIF","1",1.35,1,1
"105","Control",13,"PBL","TRD","1","CALGERRGGGYTDKLIF","1",1.35,1,1
"106","Control",13,"PBL","TRD","1","CALGVFIPGVDKLIF","1",1.35,1,1
"107","Control",40,"IEL","TRG","4","CATWDGLGEGYKKLF","1",39.28571429,33,1
"108","Control",40,"IEL","TRG","4","CATWDGFGEGYKKLF","1",20.23809524,17,1
"109","Control",40,"IEL","TRG","4","CATWDRAWTTGWFKIF","P1",16.66666667,14,1
"110","Control",40,"IEL","TRG","4","CATWDGVSNYYKKLF","2",13.0952381,11,1
"111","Control",40,"IEL","TRG","4","CATWDIKATGWFKIF","P1",7.142857143,6,1
"112","Control",40,"IEL","TRG","4","CATWDGVSNDNKKLF","2",1.19047619,1,1
"113","Control",40,"IEL","TRG","4","CAPWEGLGEGYKKLF","1",1.19047619,1,1
"114","Control",40,"IEL","TRG","4","CATWDGGSYYKKLF","2",1.19047619,1,1
"115","Control",40,"IEL","TRD","1","CALGEPLLSSGEFHTDKLIF","1",50,42,1
"116","Control",40,"IEL","TRD","1","CALGELPPYWGFSPDTDKLIF","1",38.0952381,32,2
"117","Control",40,"IEL","TRD","1","CALGELIGWGIPPTDKLIF","1",4.761904762,4,1
"118","Control",40,"IEL","TRD","1","CALGEFVPLRLFLGDWGSITDKLIF","1",2.380952381,2,1
"119","Control",40,"IEL","TRD","1","CALGGPLLSWGEFHTDKLIF","1",1.19047619,1,1
"120","Control",40,"IEL","TRD","1","CALGEPLFSSGEFHTDKLIF","1",1.19047619,1,1
"121","Control",40,"IEL","TRD","1","CALGELTGWGIPPTDKLIF","1",1.19047619,1,1
"122","Control",40,"IEL","TRD","1","CALGELPTTKYWGPDKLIF","1",1.19047619,1,1
"123","Control",40,"PBL","TRG","3","CATWDRLRAPIF","1 or 2",73.91304348,51,1
"124","Control",40,"PBL","TRG","9","CALWPSSFREGTGWFKIF","P1",18.84057971,13,1
"125","Control",40,"PBL","TRG","9","CALWPSGFREGTGWFKIF","P1",5.797101449,4,1
"126","Control",40,"PBL","TRG","3","CATWDRQRAPIF","1 or 2",1.449275362,1,1
"127","Control",40,"PBL","TRD","1","CALGERGHLTTNWGIRGDTDKLIF","1",48.71794872,38,1
"128","Control",40,"PBL","TRD","1","CALGEFRELGYTDKLIF","1",46.15384615,36,3
"129","Control",40,"PBL","TRD","1","CALGERGHLTTNWGMRGDTDKLIF","1",2.564102564,2,1
"130","Control",40,"PBL","TRD","1","CALGYKGVHRRLGGQCYTDKLIF","1",1.282051282,1,1
"131","Control",40,"PBL","TRD","1","CALGAPWGSQGKLIF","1",1.282051282,1,1
"132","Control",53,"IEL","TRG","9","CALWEAGKKLF","1",17.54385965,10,1
"133","Control",53,"IEL","TRG","10","CAAWDCNYKKLF","1",15.78947368,9,1
"134","Control",53,"IEL","TRG","4","CATWVINYYKKLF","1",14.03508772,8,1
"135","Control",53,"IEL","TRG","4","CATWDGRYKKLF","1 or 2",14.03508772,8,2
"136","Control",53,"IEL","TRG","4","CATWDSLNYYKKLF","2",7.01754386,4,1
"137","Control",53,"IEL","TRG","4","CATWDGRGYKKLF","1",7.01754386,4,1
"138","Control",53,"IEL","TRG","4","CATWDFYYKKLF","1",7.01754386,4,1
"139","Control",53,"IEL","TRG","4","CATWDGRTTGWFKIF","P1",5.263157895,3,1
"140","Control",53,"IEL","TRG","4","CATWEEGYKKLF","1",3.50877193,2,1
"141","Control",53,"IEL","TRG","4","CATWDGRALNYYKKLF","2",1.754385965,1,1
"142","Control",53,"IEL","TRG","4","CATWDGLSNYYKKLF","2",1.754385965,1,1
"143","Control",53,"IEL","TRG","4","CATWDRDTGWFKIF","P1",1.754385965,1,1
"144","Control",53,"IEL","TRG","9","CALWEVGKKLF","1",1.754385965,1,1
"145","Control",53,"IEL","TRG","9","CALREAGKKVF","1",1.754385965,1,1
"146","Control",53,"IEL","TRD","1","CALGGGIPLGPSLPYTDKLIF","1",8.75,7,1
"147","Control",53,"IEL","TRD","1","CALGEISYSSWGIPHKLIF","1",5,4,1
"148","Control",53,"IEL","TRD","1","CALGELLGGPYTDKLIF","1",5,4,1
"149","Control",53,"IEL","TRD","1","CALGDLYFPRGPGRLIF","1",5,4,1
"150","Control",53,"IEL","TRD","1","CALRGAGLVTNKLIF","1",5,4,1
"151","Control",53,"IEL","TRD","1","CALGRILYTDKLIF","1",5,4,1
"152","Control",53,"IEL","TRD","1","CALGELSPLHLGGYASFADKLIF","1",3.75,3,1
"153","Control",53,"IEL","TRD","1","CALGEYVGYWGPSRGDTDKLIF","1",3.75,3,1
"154","Control",53,"IEL","TRD","1","CALVRCLDWGILGEYTDKLIF","1",3.75,3,1
"155","Control",53,"IEL","TRD","1","CALGELDPGGCTRYKQLIF","1",3.75,3,1
"156","Control",53,"IEL","TRD","1","CALGDLRGVPDTDKLIF","1",3.75,3,1
"157","Control",53,"IEL","TRD","1","CALLTPREKWVTGGPEIPKLIF","1",2.5,2,1
"158","Control",53,"IEL","TRD","1","CALGERRPRFPHWGMTAQLFF","2",2.5,2,1
"159","Control",53,"IEL","TRD","1","CALGLTFPTILGGAHGDKLIF","1",2.5,2,1
"160","Control",53,"IEL","TRD","1","CALGEPISPTMMTITDKLIF","1",2.5,2,1
"161","Control",53,"IEL","TRD","1","CALGEPGPLGESLRPDKLIF","1",2.5,2,1
"162","Control",53,"IEL","TRD","1","CALGELFLVFSSADKLIF","1",2.5,2,1
"163","Control",53,"IEL","TRD","1","CALGGVARPCVHPKLIF","1",2.5,2,1
"164","Control",53,"IEL","TRD","1","CALGDFPKLTDKLIF","1",2.5,2,1
"165","Control",53,"IEL","TRD","1","CALGEQWGYPKLIF","1",2.5,2,1
"166","Control",53,"IEL","TRD","1","CALGENPMWGIPRSSWDTRQMFF","3",1.25,1,1
"167","Control",53,"IEL","TRD","1","CALGEFPFPETGGYAGPVKLIF","1",1.25,1,1
"168","Control",53,"IEL","TRD","1","CALGFPSGLPRRWGLYTDKLIF","1",1.25,1,1
"169","Control",53,"IEL","TRD","1","CALVGGIPRGPFGQYTDKLIF","1",1.25,1,1
"170","Control",53,"IEL","TRD","1","CALGEPYGVPITGGRETLIF","1",1.25,1,1
"171","Control",53,"IEL","TRD","1","CALGERFPTSLRHTDKLIF","1",1.25,1,1
"172","Control",53,"IEL","TRD","1","CALSPGSAFLLDSPAQLFF","2",1.25,1,1
"173","Control",53,"IEL","TRD","1","CALGDRTTVGGYPTDKLIF","1",1.25,1,1
"174","Control",53,"IEL","TRD","1","CALGESSWGIRWSDKLIF","1",1.25,1,1
"175","Control",53,"IEL","TRD","1","CALGDLLLVFSSADKLIF","1",1.25,1,1
"176","Control",53,"IEL","TRD","1","CALGELRVLGWGWIGLIF","1",1.25,1,1
"177","Control",53,"IEL","TRD","3","CAFMSSSLHWFTDKLIF","1",1.25,1,1
"178","Control",53,"IEL","TRD","1","CALGSWPLWGLTAQLFF","2",1.25,1,1
"179","Control",53,"IEL","TRD","1","CALGELAWGIRPDKLIF","1",1.25,1,1
"180","Control",53,"IEL","TRD","1","CALGETLGDIPDKLIF","1",1.25,1,1
"181","Control",53,"IEL","TRD","1","CALGDLRGDTDKLIF","1",1.25,1,1
"182","Control",53,"IEL","TRD","1","CALGDIPPRTDKLIF","1",1.25,1,1
"183","Control",53,"IEL","TRD","1","CALGELAPTDKLIF","1",1.25,1,1
"184","Control",53,"IEL","TRD","1","CALGERMSDKLIF","1",1.25,1,1
"185","Control",53,"IEL","TRD","1","CALGEGNKLIF","1",1.25,1,1
"186","Control",53,"PBL","TRG","8","CATWETTGWFKIF","P1",46.25,37,2
"187","Control",53,"PBL","TRG","8","CATWVSRGDWIKTF","P2",22.5,18,1
"188","Control",53,"PBL","TRG","3","CATWDSPNYYKKLF","2",18.75,15,1
"189","Control",53,"PBL","TRG","5","CATWDRQGDYKKLF","1",5,4,1
"190","Control",53,"PBL","TRG","2","CATWDGPKDYYKKLF","1",3.75,3,1
"191","Control",53,"PBL","TRG","8","CATRVSRGDWTKTF","P2",1.25,1,1
"192","Control",53,"PBL","TRG","3","CATWDNPNYYKKLF","2",1.25,1,1
"193","Control",53,"PBL","TRG","3","CATLDSPNYYNKLQ","1 or 2",1.25,1,1
"194","Control",53,"PBL","TRD","3","CAFYLDTRQMFF","3",55.55555556,50,1
"195","Control",53,"PBL","TRD","1","CALGARYGDKLIF","1",12.22222222,11,2
"196","Control",53,"PBL","TRD","1","CALGVLPSYLNWWTDKLIF","1",10,9,1
"197","Control",53,"PBL","TRD","1","CALGFLLGDPVTDKLIF","1",7.777777778,7,1
"198","Control",53,"PBL","TRD","1","CALGELRGETYTDKLIF","1",3.333333333,3,1
"199","Control",53,"PBL","TRD","1","CALGELVVLRMGIRSTDKLIF","1",2.222222222,2,1
"200","Control",53,"PBL","TRD","1","CAIGVLPSSLNWWTDKIIF","1",2.222222222,2,1
"201","Control",53,"PBL","TRD","1","CALGDRLLHTGGWDKLIF","1",1.111111111,1,1
"202","Control",53,"PBL","TRD","1","CALGVLPSYLNGGTDKLIF","1",1.111111111,1,1
"203","Control",53,"PBL","TRD","1","CAIGVLPSSFNWWTDKIIF","1",1.111111111,1,1
"204","Control",53,"PBL","TRD","1","CALGVLLSFGDRWTDKLIF","1",1.111111111,1,1
"205","Control",53,"PBL","TRD","1","CALGVLPSYGNRGTDKLIF","1",1.111111111,1,1
"206","Control",53,"PBL","TRD","1","CAIGFLAGDPVTDKIIF","1",1.111111111,1,1
"207","Control",106,"IEL","TRG","4","CATWDGGEKLF","1",86.95652174,40,1
"208","Control",106,"IEL","TRG","4","CATWGTKKKLF","1",6.52173913,3,1
"209","Control",106,"IEL","TRG","4","CATWDGPFHYKKLF","1",4.347826087,2,1
"210","Control",106,"IEL","TRG","4","CATWDGKKKLF","1 or 2",2.173913043,1,1
"211","Control",106,"IEL","TRD","1","CALGEQRVFGGWILIF","1",51.94805195,40,1
"212","Control",106,"IEL","TRD","1","CALGEPSFLSLGDTTYTDKLIF","1",25.97402597,20,1
"213","Control",106,"IEL","TRD","1","CALGELPNSDWGIGDKLIF","1",14.28571429,11,1
"214","Control",106,"IEL","TRD","1","CALGEIVNPSPGWGIPKYTDKLIF","1",2.597402597,2,1
"215","Control",106,"IEL","TRD","1","CALGEVRGLTFWGIRYTDKLIF","1",2.597402597,2,1
"216","Control",106,"IEL","TRD","1","CALGELDWASLSWADIHGGKLIF","1",1.298701299,1,1
"217","Control",106,"IEL","TRD","1","CALGVQRVFGGGILIF","1",1.298701299,1,1
"218","Control",110,"IEL","TRG","9","CALWEFNQNYYKKLF","2",86.95652174,60,1
"219","Control",110,"IEL","TRG","4","CATWEGSDWIKTF","P2",10.14492754,7,1
"220","Control",110,"IEL","TRG","4","CATWDGTLYYKKLF","1",1.449275362,1,1
"221","Control",110,"IEL","TRG","4","CATWDGFYYKKLF","1",1.449275362,1,1
"222","Control",110,"IEL","TRD","1","CALGERWLSYWGILEPRTDKLIF","1",26.88172043,25,1
"223","Control",110,"IEL","TRD","1","CALGEHTLHPGGSFDKLIF","1",13.97849462,13,1
"224","Control",110,"IEL","TRD","1","CALGEGRVPKIAWGLGPTDKLIF","1",10.75268817,10,1
"225","Control",110,"IEL","TRD","1","CALGELSHNWGIPDKLIF","1",5.376344086,5,1
"226","Control",110,"IEL","TRD","1","CALGGEIFGSATGGCRYTDKLIF","1",4.301075269,4,2
"227","Control",110,"IEL","TRD","1","CALGPRLRLLGDTGGYTDKLIF","1",4.301075269,4,1
"228","Control",110,"IEL","TRD","1","CALGGSYHPYWGIRDTDKLIF","1",4.301075269,4,1
"229","Control",110,"IEL","TRD","1","CALGELWATGGWRGTDKLIF","1",4.301075269,4,1
"230","Control",110,"IEL","TRD","1","CALGERYWGILGKLIF","1",4.301075269,4,1
"231","Control",110,"IEL","TRD","1","CALGERIRPSYRWGMRGPDKLIF","1",3.225806452,3,1
"232","Control",110,"IEL","TRD","1","CALGEGLLERWGSKPDKLIF","1",3.225806452,3,1
"233","Control",110,"IEL","TRD","1","CALGESGVWGIPYTDKLIF","1",3.225806452,3,1
"234","Control",110,"IEL","TRD","1","CALGERKGDNAGTDKLIF","1",3.225806452,3,1
"235","Control",110,"IEL","TRD","1","CALGEPGTPYTDKLIF","1",2.150537634,2,1
"236","Control",110,"IEL","TRD","1","CALGELRGLPMGPSIGGYRTDKLIF","1",1.075268817,1,1
"237","Control",110,"IEL","TRD","1","CALGERWFSYWGILEPRTDKLIF","1",1.075268817,1,1
"238","Control",110,"IEL","TRD","1","CALGGEIFGSASGGRRYTDKLIF","1",1.075268817,1,1
"239","Control",110,"IEL","TRD","1","CALGEHTLYPGGSFDKLIF","1",1.075268817,1,1
"240","Control",110,"IEL","TRD","1","CALGESGVWGIPHTDKLIF","1",1.075268817,1,1
"241","Control",110,"IEL","TRD","1","CALGELAYAGGYPDKLIF","1",1.075268817,1,1
"242","Control",110,"PBL","TRG","8","CATWDEVTTGWFKIF","P1",47.05882353,24,1
"243","Control",110,"PBL","TRG","5","CATWDYYKKLF","1",13.7254902,7,1
"244","Control",110,"PBL","TRG","4","CATWDGDYYYKKLF","1 or 2",11.76470588,6,1
"245","Control",110,"PBL","TRG","4","CATWDGPVVYKKLF","1",7.843137255,4,1
"246","Control",110,"PBL","TRG","9","CALWEVNTTGWFKIF","P1",3.921568627,2,1
"247","Control",110,"PBL","TRG","9","CALWAAGYYKKLF","1",3.921568627,2,1
"248","Control",110,"PBL","TRG","9","CALWEDDYYKKLF","1",3.921568627,2,1
"249","Control",110,"PBL","TRG","8","CATWDEATTGWFKIF","P1",1.960784314,1,1
"250","Control",110,"PBL","TRG","3","CATWDSSPNYYKKLF","2",1.960784314,1,1
"251","Control",110,"PBL","TRG","8","CATWVSPYYKKLF","1",1.960784314,1,1
"252","Control",110,"PBL","TRG","10","CAAWDYHKKLF","2 or 1",1.960784314,1,1
"253","Control",110,"PBL","TRD","1","CALGELRSGGYLADKLIF","1",32.8125,21,1
"254","Control",110,"PBL","TRD","1","CALGVPLLYWGTPNTDKLIF","1",15.625,10,1
"255","Control",110,"PBL","TRD","1","CALGELSYDWGRTQYTDKLIF","1",14.0625,9,1
"256","Control",110,"PBL","TRD","1","CALGERVVLGTDKLIF","1",12.5,8,1
"257","Control",110,"PBL","TRD","1","CALGECSSMGDPLTDKLIF","1",4.6875,3,1
"258","Control",110,"PBL","TRD","1","CALGERDLPVLGADKLIF","1",4.6875,3,1
"259","Control",110,"PBL","TRD","1","CALGPPKADKLIF","1",4.6875,3,1
"260","Control",110,"PBL","TRD","1","CALGERRGTYVYWGIVTDKLIF","1",1.5625,1,1
"261","Control",110,"PBL","TRD","1","CAFGGGGPTGWWGISSTDKLIF","1",1.5625,1,1
"262","Control",110,"PBL","TRD","1","CALGELSYDWGRTQYTNKLIF","1",1.5625,1,1
"263","Control",110,"PBL","TRD","1","CALGEYFWGNSSPYTDKLIF","1",1.5625,1,1
"264","Control",110,"PBL","TRD","1","CALGECSSMGDPLTDKPIF","1",1.5625,1,1
"265","Control",110,"PBL","TRD","1","CALGELRSGGYLADKPIF","1",1.5625,1,1
"266","Control",110,"PBL","TRD","1","CALGEWGSGGYRSDKLIF","1",1.5625,1,1
"267","Control",144,"IEL","TRG","4","CATWDPSSDWIKTF","P2",17.39130435,12,1
"268","Control",144,"IEL","TRG","4","CATWDVAWIKTF","P2",13.04347826,9,1
"269","Control",144,"IEL","TRG","9","CALWGRTGWFKIF","P1",11.5942029,8,1
"270","Control",144,"IEL","TRG","9","CALWEKDYYKKLF","1",10.14492754,7,1
"271","Control",144,"IEL","TRG","4","CATWDGVTDYKKLF","1",7.246376812,5,1
"272","Control",144,"IEL","TRG","9","CALWECRYYKKLF","1",5.797101449,4,1
"273","Control",144,"IEL","TRG","8","CATWEIGDGWFKIF","P1",4.347826087,3,1
"274","Control",144,"IEL","TRG","4","CATWDAQSGDWIKTF","P2",2.898550725,2,2
"275","Control",144,"IEL","TRG","4","CATWDGRGSDWIKTF","P2",2.898550725,2,1
"276","Control",144,"IEL","TRG","2","CATWDGRDAGWFKIF","P1",2.898550725,2,1
"277","Control",144,"IEL","TRG","4","CATWDGTNYYKKLF","2 or 1",2.898550725,2,1
"278","Control",144,"IEL","TRG","9","CALWELLGWFKIF","P1",2.898550725,2,1
"279","Control",144,"IEL","TRG","4","CATWDGPGWIKTF","P2",2.898550725,2,1
"280","Control",144,"IEL","TRG","2","CATWDEGGWFKIF","P1",2.898550725,2,1
"281","Control",144,"IEL","TRG","9","CALWEARRGNYKKLF","1",1.449275362,1,1
"282","Control",144,"IEL","TRG","5","CATWDRPTTGWFKIF","P1",1.449275362,1,1
"283","Control",144,"IEL","TRG","9","CALWELIGWFKIF","P1",1.449275362,1,1
"284","Control",144,"IEL","TRG","9","CALWEVLYYKKLF","1",1.449275362,1,1
"285","Control",144,"IEL","TRG","8","CATWDSGYYKKLF","1",1.449275362,1,1
"286","Control",144,"IEL","TRG","4","CATWDEFLFKKLF","1",1.449275362,1,1
"287","Control",144,"IEL","TRG","2","CATWDEGGWFKIS","P1",1.449275362,1,1
"288","Control",144,"IEL","TRD","1","CALGELVRGMIWSTDKLIF","1",24.67532468,19,1
"289","Control",144,"IEL","TRD","1","CALGEQASVGSTYTDKLIF","1",14.28571429,11,1
"290","Control",144,"IEL","TRD","1","CALGDLAPIGLSTDKLIF","1",14.28571429,11,1
"291","Control",144,"IEL","TRD","1","CALGELKAGRGIPTDKLIF","1",10.38961039,8,1
"292","Control",144,"IEL","TRD","1","CALGEPERGLLWVSTDKLIF","1",3.896103896,3,1
"293","Control",144,"IEL","TRD","1","CALGGPLRYWGIGQRYTDKLIF","1",2.597402597,2,1
"294","Control",144,"IEL","TRD","1","CALGRGPRWGIIPVHTDKLIF","1",2.597402597,2,1
"295","Control",144,"IEL","TRD","1","CALGEGSRTGGYWGTDKLIF","1",2.597402597,2,1
"296","Control",144,"IEL","TRD","1","CALGLRIPFRRTGGHHKLIF","1",2.597402597,2,1
"297","Control",144,"IEL","TRD","1","CALGELPPYWEIHTDKLIF","1",2.597402597,2,1
"298","Control",144,"IEL","TRD","1","CALGERNRFHNDKLIF","1",2.597402597,2,1
"299","Control",144,"IEL","TRD","1","CALGARFFHVAPPWLGDYVLGDKLIF","1",1.298701299,1,1
"300","Control",144,"IEL","TRD","1","CALGEPSFRQFFLLGAITYTDKLIF","1",1.298701299,1,1
"301","Control",144,"IEL","TRD","1","CALGELKGSLPSCSGGYEIAQLFF","1",1.298701299,1,1
"302","Control",144,"IEL","TRD","1","CALGGPLSYGGIGQRYTDKLIF","1",1.298701299,1,1
"303","Control",144,"IEL","TRD","1","CALGEEVFPWGDPYTDKLIF","1",1.298701299,1,1
"304","Control",144,"IEL","TRD","1","CALGELRGRGTGGYAKLIF","1",1.298701299,1,1
"305","Control",144,"IEL","TRD","1","CALGEQVSGSFRSTDKLIF","1",1.298701299,1,1
"306","Control",144,"IEL","TRD","1","CALGEVERGMIWSTDKLIF","1",1.298701299,1,1
"307","Control",144,"IEL","TRD","1","CAPGERGRVGFTHTDKLIF","1",1.298701299,1,1
"308","Control",144,"IEL","TRD","1","CALGEFRRWGIGSTDKLIF","1",1.298701299,1,1
"309","Control",144,"IEL","TRD","1","CALGPSFLVLGAHTDKLIF","1",1.298701299,1,1
"310","Control",144,"IEL","TRD","1","CALGELPLPVLYWGKLIF","1",1.298701299,1,1
"311","Control",144,"IEL","TRD","1","CALGTPSPCVYTDKLIF","1",1.298701299,1,1
"312","Control",144,"PBL","TRG","3","CATWDRPPCTGGFKKLF","1",14.63414634,6,1
"313","Control",144,"PBL","TRG","9","CALWDYMSYKKLF","1",9.756097561,4,1
"314","Control",144,"PBL","TRG","9","CALWEVYYKKLF","1 or 2",9.756097561,4,1
"315","Control",144,"PBL","TRG","5","CATWDRPVGGDWIKTF","P2",7.317073171,3,1
"316","Control",144,"PBL","TRG","9","CALWEAPLDYKKLF","1",7.317073171,3,1
"317","Control",144,"PBL","TRG","8","CATWDRKYYKKLF","2",7.317073171,3,1
"318","Control",144,"PBL","TRG","8","CATWDRLYPQKKLF","1",4.87804878,2,1
"319","Control",144,"PBL","TRG","8","CATWGRLYYKKLF","1",4.87804878,2,1
"320","Control",144,"PBL","TRG","10","CAAWDYKKLF","5",4.87804878,2,1
"321","Control",144,"PBL","TRG","4","CATWDGPRRFWFKIF","P1",2.43902439,1,1
"322","Control",144,"PBL","TRG","8","CATWDGRTTGWFKIF","P1",2.43902439,1,1
"323","Control",144,"PBL","TRG","8","CATWVDTTGWFKIF","P1",2.43902439,1,1
"324","Control",144,"PBL","TRG","4","CATWDGTGWFKIF","P1",2.43902439,1,1
"325","Control",144,"PBL","TRG","8","CATWGRLYYKKLL","1",2.43902439,1,1
"326","Control",144,"PBL","TRG","8","CATWGRLYYNKLF","1",2.43902439,1,1
"327","Control",144,"PBL","TRG","4","CATWENYYKKLF","2",2.43902439,1,1
"328","Control",144,"PBL","TRG","9","CALWERGYKKLF","2 or 1",2.43902439,1,1
"329","Control",144,"PBL","TRG","9","CALWESGWFKIF","P1",2.43902439,1,1
"330","Control",144,"PBL","TRG","9","CALWEGKGKLF","1 or 2",2.43902439,1,1
"331","Control",144,"PBL","TRG","5","CATWDEYKKLF","1 or 2",2.43902439,1,1
"332","Control",144,"PBL","TRG","8","CAAWVHKKLF","1 or 2",2.43902439,1,1
"333","Control",144,"PBL","TRD","1","CALGAVMGAWDVYTDKLIF","1",5.952380952,5,1
"334","Control",144,"PBL","TRD","1","CALGDGTSYVSLGRDKLIF","1",5.952380952,5,1
"335","Control",144,"PBL","TRD","1","CALGELTTWGKLIF","1",5.952380952,5,1
"336","Control",144,"PBL","TRD","1","CALGETTPEIRPGGGYGDKLIF","1",4.761904762,4,1
"337","Control",144,"PBL","TRD","1","CALGERVLGDTPYTDKLIF","1",4.761904762,4,1
"338","Control",144,"PBL","TRD","1","CALGEPLPSKRGDKLIF","1",4.761904762,4,1
"339","Control",144,"PBL","TRD","1","CALGVNPLPSTDKLIF","1",4.761904762,4,1
"340","Control",144,"PBL","TRD","1","CALGEPPQTRVLGDTRVYTDKLIF","1",3.571428571,3,1
"341","Control",144,"PBL","TRD","1","CALGEAPYVNGGYATPPTDKLIF","1",3.571428571,3,1
"342","Control",144,"PBL","TRD","1","CALGELETGFLRVLGKDTDKLIF","1",3.571428571,3,1
"343","Control",144,"PBL","TRD","1","CALGEPRIATGGYLADKLIF","1",3.571428571,3,1
"344","Control",144,"PBL","TRD","1","CALGEMAYDWSRNWGILGTDKLIF","1",2.380952381,2,1
"345","Control",144,"PBL","TRD","1","CALGALLPFVLGDPTHTDKLIF","1",2.380952381,2,1
"346","Control",144,"PBL","TRD","1","CALGAFPTHLVLGDYTDKLIF","1",2.380952381,2,1
"347","Control",144,"PBL","TRD","1","CALGESRLNWGYPYTDKLIF","1",2.380952381,2,1
"348","Control",144,"PBL","TRD","1","CALGEPSISHPRDATDKLIF","1",2.380952381,2,1
"349","Control",144,"PBL","TRD","1","CALGERRWTGWGATDKLIF","1",2.380952381,2,1
"350","Control",144,"PBL","TRD","1","CALGEPNGGYSLTDKLIF","1",2.380952381,2,1
"351","Control",144,"PBL","TRD","1","CALGAASLPPIGGLLGEPPLLYTDKLIF","1",1.19047619,1,1
"352","Control",144,"PBL","TRD","1","CALGGPPSFSSTLLGGRPSLRDKLIF","1",2.380952381,2,1
"353","Control",144,"PBL","TRD","1","CALGEVLTGSWGTLNPYTDKLIF","1",1.19047619,1,1
"354","Control",144,"PBL","TRD","1","CALGNIRPFTLGGGYAPTDKLIF","1",1.19047619,1,1
"355","Control",144,"PBL","TRD","1","CALGGIFLPNITGGQYTDKLIF","1",1.19047619,1,1
"356","Control",144,"PBL","TRD","1","CALGELFGGYVAPQYTDKLIF","1",1.19047619,1,1
"357","Control",144,"PBL","TRD","1","CSAGEGPYGGGGGSGSDKLIF","1",1.19047619,1,1
"358","Control",144,"PBL","TRD","1","CALGGPLPKAGDHRWTDKLIF","1",1.19047619,1,1
"359","Control",144,"PBL","TRD","1","CALGEPCLLPYSLFLDKLIF","1",1.19047619,1,1
"360","Control",144,"PBL","TRD","1","CALGELGPPYWGINRDKLIF","1",1.19047619,1,1
"361","Control",144,"PBL","TRD","1","CALGFTFQTDGLDTADKLIF","1",1.19047619,1,1
"362","Control",144,"PBL","TRD","1","CALGERTEALHWRNADKLIF","1",1.19047619,1,1
"363","Control",144,"PBL","TRD","1","CALGELPGILGTYTDKLIF","1",1.19047619,1,1
"364","Control",144,"PBL","TRD","1","CALGELPIPGRDLTAQLFF","2",1.19047619,1,1
"365","Control",144,"PBL","TRD","TRAV22","CAANSFLWIGAEVTAQLFF","2",1.19047619,1,1
"366","Control",144,"PBL","TRD","1","CALGELRLGPRDGDKLIF","1",1.19047619,1,1
"367","Control",144,"PBL","TRD","1","CALGPLRTGDTRADKLIF","1",1.19047619,1,1
"368","Control",144,"PBL","TRD","1","CALGEPPPVYWCDKLIF","1",1.19047619,1,1
"369","Control",144,"PBL","TRD","1","CALGGTPDWGIPDKLIF","1",1.19047619,1,1
"370","Control",144,"PBL","TRD","1","CALGAPFGSQHQTRLIF","1",1.19047619,1,1
"371","Control",144,"PBL","TRD","1","CALGAPFLLMGTDKLIF","1",1.19047619,1,1
"372","Control",144,"PBL","TRD","1","CALGERSYPLTAQLFF","2",1.19047619,1,1
"373","Control",144,"PBL","TRD","1","CALGPKVRDGTDKLIF","1",1.19047619,1,1
"374","Control",144,"PBL","TRD","1","CALGELGGDTDKLIF","1",1.19047619,1,1
"375","Control",144,"PBL","TRD","1","CALGTARGTDKLIF","1",1.19047619,1,1
"376","Control",144,"PBL","TRD","1","CALGEPLDCYELIF","1",1.19047619,1,1
"377","Active",35,"IEL","TRG","2","CATWDGPAGDWIKTF","P2",96.55172414,84,2
"378","Active",35,"IEL","TRG","2","CATWDGPAGGWIKTF","P2",1.149425287,1,1
"379","Active",35,"IEL","TRG","2","CATWDGSAGDWIKTF","P2",1.149425287,1,1
"380","Active",35,"IEL","TRG","2","CATWGGPAGDWIKTF","P2",1.149425287,1,1
"381","Active",35,"IEL","TRD","1","CALGDQRVPIPWTGGYRHTDKLIF","1",86.17021277,81,2
"382","Active",35,"IEL","TRD","1","CALGEPWASPLRGLTGADKLIF","1",12.76595745,12,1
"383","Active",35,"IEL","TRD","1","CALGDQRVPIPWTGGYWHTDKLIF","1",1.063829787,1,1
"384","Active",35,"PBL","TRG","4","CATWDGPHYKKLF","1",43.90243902,36,1
"385","Active",35,"PBL","TRG","9","CALWEINYYKKLF","2 or 1",30.48780488,25,1
"386","Active",35,"PBL","TRG","10","CAAWDSPQEKLF","1",10.97560976,9,2
"387","Active",35,"PBL","TRG","10","CAAWDCFVPTTGWFKIF","P1",9.756097561,8,1
"388","Active",35,"PBL","TRG","3","CATWDRPSDYKKLF","1",2.43902439,2,1
"389","Active",35,"PBL","TRG","9","CALREINYYKKLF","2",1.219512195,1,1
"390","Active",35,"PBL","TRG","10","CAVWDSPQEKLF","1",1.219512195,1,1
"391","Active",35,"PBL","TRD","1","CALGEIPYPTQLGDTDKLIF","1",37.33333333,28,1
"392","Active",35,"PBL","TRD","1","CALGDRWGIDKLIF","1",22.66666667,17,1
"393","Active",35,"PBL","TRD","1","CALPRNATLGIRPEDKLIF","1",14.66666667,11,2
"394","Active",35,"PBL","TRD","1","CALGALPLLMYTDKLIF","1",6.666666667,5,2
"395","Active",35,"PBL","TRD","1","CALGDIPSQYTPDKLIF","1",5.333333333,4,1
"396","Active",35,"PBL","TRD","1","CALTPSSGPLLGIRTTAQLFF","2",4,3,1
"397","Active",35,"PBL","TRD","1","CALGGLYLYTDKLIF","1",2.666666667,2,1
"398","Active",35,"PBL","TRD","1","CDLGELGHFPTYRWGMPEVTDKLFF","1",1.333333333,1,1
"399","Active",35,"PBL","TRD","1","CALGESRRFSTRRDTKGRDKLIF","1",1.333333333,1,1
"400","Active",35,"PBL","TRD","1","CAFGEIPYPTQLGDTDKLIF","1",1.333333333,1,1
"401","Active",35,"PBL","TRD","1","CALGEIPYPTQMGDTDKLIF","1",1.333333333,1,1
"402","Active",35,"PBL","TRD","1","CGWGDRWGIDKLIF","1",1.333333333,1,1
"403","Active",46,"IEL","TRG","3","CATWDGWRHKKLF","1",65.2173913,60,1
"404","Active",46,"IEL","TRG","5","CATWTPYPPLMGKLF","1",28.26086957,26,1
"405","Active",46,"IEL","TRG","5","CAPWTPYPPLMGKFF","1",1.086956522,1,1
"406","Active",46,"IEL","TRG","5","CATWTPHPPLMGKLF","1",1.086956522,1,1
"407","Active",46,"IEL","TRG","3","CATRDGRRHKKLF","1",1.086956522,1,1
"408","Active",46,"IEL","TRG","3","CATWDGWGHKKLF","1",1.086956522,1,1
"409","Active",46,"IEL","TRG","3","CATWGGWRHKKLF","1",1.086956522,1,1
"410","Active",46,"IEL","TRG","9","CALWEVLYKKLF","1 or 2",1.086956522,1,1
"411","Active",46,"IEL","TRD","1","CALGGQRGIYTDKLIF","1",79.34782609,73,1
"412","Active",46,"IEL","TRD","1","CALGDPPSYLYWGTNRDKLIF","1",8.695652174,8,1
"413","Active",46,"IEL","TRD","1","CALGEGMHWFGGYAIPRQYTDKLIF","1",6.52173913,6,1
"414","Active",46,"IEL","TRD","1","CALGLGAFLDRRVILGGTDKLIF","1",3.260869565,3,1
"415","Active",46,"IEL","TRD","1","CALGDPPSYLYWGANRDKLIF","1",1.086956522,1,1
"416","Active",46,"IEL","TRD","1","CASGGQRGIYPDKLIF","1",1.086956522,1,1
"417","Active",46,"PBL","TRG","5","CATWDRHYKKLF","1 or 2",44.61538462,29,2
"418","Active",46,"PBL","TRG","5","CATWSYYKKLF","1",21.53846154,14,1
"419","Active",46,"PBL","TRG","10","CAAWDLPSPGDWIKTF","P2",16.92307692,11,1
"420","Active",46,"PBL","TRG","4","CATWDGVYYYKKLF","1",4.615384615,3,1
"421","Active",46,"PBL","TRG","5","CATRDRHYKKLF","1 or 2",3.076923077,2,1
"422","Active",46,"PBL","TRG","5","CATWLGYKKLF","1",3.076923077,2,1
"423","Active",46,"PBL","TRG","10","CAAWDLPSPGDWIETF","P2",1.538461538,1,1
"424","Active",46,"PBL","TRG","5","CATWLSFGYYKKLF","1",1.538461538,1,1
"425","Active",46,"PBL","TRG","2","CATWDGPNYYKKLF","2",1.538461538,1,1
"426","Active",46,"PBL","TRG","9","CALWEGYDYKKLF","1",1.538461538,1,1
"427","Active",46,"PBL","TRD","1","CALGEPGRWGIEVDTDKLIF","1",48.10126582,38,2
"428","Active",46,"PBL","TRD","1","CALGGQWLLGEVVGTDKLIF","1",13.92405063,11,2
"429","Active",46,"PBL","TRD","1","CALGDPGLPPWGILANNPHTDKLIF","1",5.063291139,4,1
"430","Active",46,"PBL","TRD","1","CALGELSPPPSANRYWGILLTAQLFF","2",3.797468354,3,1
"431","Active",46,"PBL","TRD","1","CALGDPAFPKGLPRVYTDKLIF","1",3.797468354,3,1
"432","Active",46,"PBL","TRD","1","CALGASYVPLGDTPLTAQLFF","2",3.797468354,3,1
"433","Active",46,"PBL","TRD","1","CALGDLSPLLGDQGTDKLIF","1",3.797468354,3,1
"434","Active",46,"PBL","TRD","1","CALGELVPSLPYTDKLIF","1",3.797468354,3,1
"435","Active",46,"PBL","TRD","1","CALGVLFVPLTDKLIF","1",3.797468354,3,1
"436","Active",46,"PBL","TRD","1","CALGETRFLTGGPNWFVLIF","1",2.53164557,2,1
"437","Active",46,"PBL","TRD","1","CALGEPIFLPRGDVTDKLIF","1",2.53164557,2,1
"438","Active",46,"PBL","TRD","1","CALGSMGDTNCEADKLIF","1",2.53164557,2,1
"439","Active",46,"PBL","TRD","1","CALGDQRVPIPWTGGYRHTDKLIF","1",1.265822785,1,1
"440","Active",46,"PBL","TRD","1","CALGELVRSLPYTDKLIF","1",1.265822785,1,1
"441","Active",47,"IEL","TRG","4","CATWSHYYKKLF","1",28.125,18,1
"442","Active",47,"IEL","TRG","8","CATWDNYKKLF","1 or 2",14.0625,9,2
"443","Active",47,"IEL","TRG","8","CATWDLRGDSSDWIKTF","P2",10.9375,7,1
"444","Active",47,"IEL","TRG","9","CALWEVGYYKKLF","1",9.375,6,1
"445","Active",47,"IEL","TRG","8","CATWEVGYKKLF","1",7.8125,5,1
"446","Active",47,"IEL","TRG","9","CASLYYKKLF","1",7.8125,5,1
"447","Active",47,"IEL","TRG","4","CATWDGPDYYKKLF","2 or 1",6.25,4,1
"448","Active",47,"IEL","TRG","9","CALTENYYKKLF","2",4.6875,3,1
"449","Active",47,"IEL","TRG","8","CATWDCRKKLF","1 or 2",4.6875,3,1
"450","Active",47,"IEL","TRG","8","CATWDRRFHSSDWIKTF","P2",1.5625,1,1
"451","Active",47,"IEL","TRG","8","CATWVPLRGNYYKKLF","2",1.5625,1,1
"452","Active",47,"IEL","TRG","4","CATGSHYYKKLF","1 or 2",1.5625,1,1
"453","Active",47,"IEL","TRG","8","CTPWEVGYKKLF","1",1.5625,1,1
"454","Active",47,"IEL","TRD","1","CALGLTPLGLGDPKLIF","1",11.9047619,10,1
"455","Active",47,"IEL","TRD","1","CALGGYPGGYTGPLTAQLFF","2",9.523809524,8,1
"456","Active",47,"IEL","TRD","1","CALGELPDLPLVLGDCGSDKLIF","1",8.333333333,7,1
"457","Active",47,"IEL","TRD","1","CALGELTIFPVLGDTNDKLIF","1",8.333333333,7,1
"458","Active",47,"IEL","TRD","1","CAFDWPSRVLGDTDTDKLIF","1",8.333333333,7,1
"459","Active",47,"IEL","TRD","1","CALGEPLPTMGERNKLIF","1",7.142857143,6,1
"460","Active",47,"IEL","TRD","1","CALGEKAFLRGGYGKLIF","1",5.952380952,5,1
"461","Active",47,"IEL","TRD","1","CALGEGISGRPQAYTDKLIF","1",4.761904762,4,1
"462","Active",47,"IEL","TRD","1","CALGDQLSPYWASDKLIF","1",4.761904762,4,1
"463","Active",47,"IEL","TRD","1","CALGDISGPYLPLGDTKRTQLFF","2",3.571428571,3,1
"464","Active",47,"IEL","TRD","1","CALGVLGRPSYTRIRPFPDKLIF","1",3.571428571,3,1
"465","Active",47,"IEL","TRD","1","CALGERLRGGILGALTAQLFF","2",2.380952381,2,1
"466","Active",47,"IEL","TRD","1","CALGEPIYQNWGIRPDKLIF","1",2.380952381,2,1
"467","Active",47,"IEL","TRD","1","CALGDLFLPSWGDDKLIF","1",2.380952381,2,1
"468","Active",47,"IEL","TRD","1","CALGGCWRYARSTDKLIF","1",2.380952381,2,1
"469","Active",47,"IEL","TRD","1","CALGDPLSIGLPTYAWGPNTDKLIF","1",1.19047619,1,1
"470","Active",47,"IEL","TRD","1","CALGTLPVYLVSPALGDREDKLIF","1",1.19047619,1,1
"471","Active",47,"IEL","TRD","1","CALGVLGRPSYTMIRPFPDKLIF","1",1.19047619,1,1
"472","Active",47,"IEL","TRD","1","CALGEIFPTYWGMRGKTDKLIF","1",1.19047619,1,1
"473","Active",47,"IEL","TRD","1","CALGELTIFPVLGDANDKLIF","1",1.19047619,1,1
"474","Active",47,"IEL","TRD","1","CAFDWHACVLGDTDTDKLIF","1",1.19047619,1,1
"475","Active",47,"IEL","TRD","1","CALELRGPGLGGIFGDKLIF","1",1.19047619,1,1
"476","Active",47,"IEL","TRD","1","CALELRGPGLGGIFGDKPIF","1",1.19047619,1,1
"477","Active",47,"IEL","TRD","1","CALGEGISDRPQAYTDKLIF","1",1.19047619,1,1
"478","Active",47,"IEL","TRD","1","CALGEVSDYWGPSADKLIF","1",1.19047619,1,1
"479","Active",47,"IEL","TRD","1","CALGDLFRPSWGDDKLIF","1",1.19047619,1,1
"480","Active",47,"IEL","TRD","1","CVLGDLFGPWGGDDKLIF","1",1.19047619,1,1
"481","Active",47,"PBL","TRG","2","CATWDGPRYYKKLF","2 or 1",56.75675676,42,1
"482","Active",47,"PBL","TRG","4","CATWDLAWNYKKLF","1",40.54054054,30,2
"483","Active",47,"PBL","TRG","4","CAAWDGPRYYKKLF","2 or 1",1.351351351,1,1
"484","Active",47,"PBL","TRG","4","CATRDLAWNYKKLF","1",1.351351351,1,1
"485","Active",47,"PBL","TRD","1","CALGELGGDSSYLWRLTAQLFF","2",74.19354839,23,1
"486","Active",47,"PBL","TRD","1","CALGEVYRLPRWGIRMHHTDKLIF","1",22.58064516,7,1
"487","Active",47,"PBL","TRD","1","CALGELGGDSSYLWRLPAQLFF","2",3.225806452,1,1
"488","Active",51,"IEL","TRG","2","CATWDGPAVGYKKLF","1",12.6984127,8,1
"489","Active",51,"IEL","TRG","9","CALGDNYKKLF","1",6.349206349,4,1
"490","Active",51,"IEL","TRG","2","CATWDAHLYKKLF","1",4.761904762,3,1
"491","Active",51,"IEL","TRG","2","CATWDGLFGKLF","1 or 2",4.761904762,3,1
"492","Active",51,"IEL","TRG","5","CATWDRPVYSDWIKTF","P2",3.174603175,2,1
"493","Active",51,"IEL","TRG","4","CATWDDATGWFKIF","P1",3.174603175,2,1
"494","Active",51,"IEL","TRG","4","CATWDGPVYYKKLF","1",3.174603175,2,1
"495","Active",51,"IEL","TRG","2","CATWDGPNYKKLF","1",3.174603175,2,1
"496","Active",51,"IEL","TRG","3","CATWSHYYKKLF","2 or 1",3.174603175,2,1
"497","Active",51,"IEL","TRG","3","CATWDRRAQLF","1 or 2",3.174603175,2,1
"498","Active",51,"IEL","TRG","3","CATWEGYKKLF","1 or 2",3.174603175,2,1
"499","Active",51,"IEL","TRG","4","CATWGNEKLF","1 or 2",3.174603175,2,1
"500","Active",51,"IEL","TRG","3","CATWDRPKGLSSDWIKTF","P2",1.587301587,1,1
"501","Active",51,"IEL","TRG","10","CAAWDYPPEGTGWFKIF","P1",1.587301587,1,1
"502","Active",51,"IEL","TRG","3","CATWDRPADSSHKKLF","1",1.587301587,1,1
"503","Active",51,"IEL","TRG","3","CATWDFGVDYYKKLF","1 or 2",1.587301587,1,1
"504","Active",51,"IEL","TRG","3","CATWDRISSDWIKTF","P2",1.587301587,1,1
"505","Active",51,"IEL","TRG","3","CATWDRPYGDWIKTF","P2",1.587301587,1,1
"506","Active",51,"IEL","TRG","4","CATWDGPYAYKKLF","1",1.587301587,1,1
"507","Active",51,"IEL","TRG","8","CATWDMSTGWFKIF","P1",1.587301587,1,1
"508","Active",51,"IEL","TRG","3","CATWDRQPYYKKLL","1",1.587301587,1,1
"509","Active",51,"IEL","TRG","5","CATWDSPLQFKKLF","1",1.587301587,1,1
"510","Active",51,"IEL","TRG","9","CALRPVQCCKKLV","2 or 1",1.587301587,1,1
"511","Active",51,"IEL","TRG","5","CATWDKNYYKKLF","2",1.587301587,1,1
"512","Active",51,"IEL","TRG","5","CATWDLHGYKKLF","2 or 1",1.587301587,1,1
"513","Active",51,"IEL","TRG","4","CATWDAKAPKKLF","2 or 1",1.587301587,1,1
"514","Active",51,"IEL","TRG","4","CATWDRVDYKKLF","1",1.587301587,1,1
"515","Active",51,"IEL","TRG","3","CATWDEGYYKKLF","1",1.587301587,1,1
"516","Active",51,"IEL","TRG","3","CATWDRLYYKKLF","1",1.587301587,1,1
"517","Active",51,"IEL","TRG","2","CATWDGQGYKKLF","1",1.587301587,1,1
"518","Active",51,"IEL","TRG","2","CATWDGTYYKKLF","1",1.587301587,1,1
"519","Active",51,"IEL","TRG","2","CATWDGPVYKKLF","1",1.587301587,1,1
"520","Active",51,"IEL","TRG","9","CALWEVLYKKLF","1 or 2",1.587301587,1,1
"521","Active",51,"IEL","TRG","9","CALWEVRYKKLF","1 or 2",1.587301587,1,1
"522","Active",51,"IEL","TRG","4","CATWLFYYKKLF","1",1.587301587,1,1
"523","Active",51,"IEL","TRG","2","CATWDRHYKKLF","1",1.587301587,1,1
"524","Active",51,"IEL","TRG","8","CATWDRTEKLF","1 or 2",1.587301587,1,1
"525","Active",51,"IEL","TRG","4","CATWVFYKKLF","1",1.587301587,1,1
"526","Active",51,"IEL","TRG","4","CATWDVERKLF","1",1.587301587,1,1
"527","Active",51,"IEL","TRG","2","CATWDGLEKLF","1 or 2",1.587301587,1,1
"528","Active",51,"IEL","TRG","2","CATWDGLKKLF","1 or 2",1.587301587,1,1
"529","Active",51,"IEL","TRD","1","CALGERKSFSTWLGEKDTDKLIF","1",8.333333333,6,1
"530","Active",51,"IEL","TRD","1","CALGETLPSYWGIRGDKSDKLIF","1",5.555555556,4,1
"531","Active",51,"IEL","TRD","1","CALGAPLRRVLGDTREAKRIF","1",4.166666667,3,1
"532","Active",51,"IEL","TRD","1","CALSILVLGDYTDKLIF","1",4.166666667,3,1
"533","Active",51,"IEL","TRD","1","CALGETFLGYKGNLWYTDKLIF","1",2.777777778,2,1
"534","Active",51,"IEL","TRD","1","CALGELRPSYWGIRGARPLIF","1",2.777777778,2,1
"535","Active",51,"IEL","TRD","1","CALGVEGLPNFAGDIDDKLIF","1",2.777777778,2,1
"536","Active",51,"IEL","TRD","1","CALGETINSYWGIRLDKLIF","1",2.777777778,2,1
"537","Active",51,"IEL","TRD","1","CALGELLRGLGANTDKLIF","1",2.777777778,2,1
"538","Active",51,"IEL","TRD","1","CALGEVPYWGMVYTDKLIF","1",2.777777778,2,1
"539","Active",51,"IEL","TRD","1","CALGPLSLPGGGYDQKLIF","1",2.777777778,2,1
"540","Active",51,"IEL","TRD","1","CALGDLPTWGIGSDKLIF","1",2.777777778,2,1
"541","Active",51,"IEL","TRD","1","CALGELGGVLLYTDKLIF","1",2.777777778,2,1
"542","Active",51,"IEL","TRD","1","CALGEGFQRLGDCKLIF","1",2.777777778,2,1
"543","Active",51,"IEL","TRD","1","CALGEFLDWGLTDKLIF","1",2.777777778,2,1
"544","Active",51,"IEL","TRD","1","CALGFILLGDYTDKLIF","1",2.777777778,2,1
"545","Active",51,"IEL","TRD","1","CALGHQYFLGNTDKLIF","1",2.777777778,2,1
"546","Active",51,"IEL","TRD","1","CALGPSGGIFPTDKLIF","1",2.777777778,2,2
"547","Active",51,"IEL","TRD","1","CALGAPLGTFLHEFDRGQLGDTDKLIF","1",1.388888889,1,1
"548","Active",51,"IEL","TRD","1","CALGEPTVTPLLGDTGIVGYTDKLIF","1",1.388888889,1,1
"549","Active",51,"IEL","TRD","1","CALGALPFPPFGRGYVPLTDKLIF","1",1.388888889,1,1
"550","Active",51,"IEL","TRD","1","CALGEGARLPGRGRGGGIDKLIF","1",1.388888889,1,1
"551","Active",51,"IEL","TRD","1","CALRTRFLLGDRAPLYLTAQLFF","1",1.388888889,1,1
"552","Active",51,"IEL","TRD","1","CALGEQTTRGNSAGFYTDKLIF","1",1.388888889,1,1
"553","Active",51,"IEL","TRD","1","CALGEQYPNYWGIRGGTDKLIF","1",1.388888889,1,1
"554","Active",51,"IEL","TRD","1","CALGAPLRRVLGDTREAKLIF","1",1.388888889,1,1
"555","Active",51,"IEL","TRD","1","CALGAPLRRVLGDTRGAKLIF","1",1.388888889,1,1
"556","Active",51,"IEL","TRD","1","CALGELIRSYWGMKGSTKLIF","1",1.388888889,1,1
"557","Active",51,"IEL","TRD","1","CALGELPTGRGHWGGLDKLIF","1",1.388888889,1,1
"558","Active",51,"IEL","TRD","1","CALGELYRSYWGIGGLHKLIF","1",1.388888889,1,1
"559","Active",51,"IEL","TRD","1","CALGEQYTSYWGIRYTDKLIF","1",1.388888889,1,1
"560","Active",51,"IEL","TRD","1","CALGEPWAEPYAVRGTDKLIF","1",1.388888889,1,1
"561","Active",51,"IEL","TRD","1","CALGEVFPSYWGIRRTDKLIF","1",1.388888889,1,1
"562","Active",51,"IEL","TRD","1","CALGVLKVRGFFARFTDKLIF","1",1.388888889,1,1
"563","Active",51,"IEL","TRD","1","CALGEIIPKYWGKYTDKLIF","1",1.388888889,1,1
"564","Active",51,"IEL","TRD","1","CALGEPHFTISYPNTDKLIF","1",1.388888889,1,1
"565","Active",51,"IEL","TRD","1","CALGEPNIPGYVLKPTALIF","1",1.388888889,1,1
"566","Active",51,"IEL","TRD","1","CALGELPSHFDWGIKGLIF","1",1.388888889,1,1
"567","Active",51,"IEL","TRD","1","CALVCPHYWGIKYTDKLIF","1",1.388888889,1,1
"568","Active",51,"IEL","TRD","1","CALGASSGNWGIPHRLIF","1",1.388888889,1,1
"569","Active",51,"IEL","TRD","1","CALGEHVWAGDYTDKLIF","1",1.388888889,1,1
"570","Active",51,"IEL","TRD","1","CALGPRVVLNRVGNKLIF","1",1.388888889,1,1
"571","Active",51,"IEL","TRD","1","CALGELRGLGEGRKLIF","1",1.388888889,1,1
"572","Active",51,"IEL","TRD","1","CALGERDGWGYTDKLIF","1",1.388888889,1,1
"573","Active",51,"IEL","TRD","TRAV21","CAVPSATYWGISDKLIF","1",1.388888889,1,1
"574","Active",51,"IEL","TRD","1","CALGGYTDKLIF","1",1.388888889,1,1
"575","Active",51,"PBL","TRG","4","CATWARSDWIKTF","P2",22.22222222,16,1
"576","Active",51,"PBL","TRG","2","CATWDGTNYYKKLF","1",12.5,9,1
"577","Active",51,"PBL","TRG","9","CALWEVNFYYKKLF","1",9.722222222,7,1
"578","Active",51,"PBL","TRG","2","CATWDGLGHKKLF","1",9.722222222,7,1
"579","Active",51,"PBL","TRG","9","CALWEVRKKLF","1 or 2",9.722222222,7,1
"580","Active",51,"PBL","TRG","9","CALWEVLYRYKKLF","1",8.333333333,6,2
"581","Active",51,"PBL","TRG","3","CATWDGFDWIKTF","P2",6.944444444,5,1
"582","Active",51,"PBL","TRG","8","CATWDYYKKLF","1",6.944444444,5,1
"583","Active",51,"PBL","TRG","9","CALWEVRDVREKLF","1",5.555555556,4,1
"584","Active",51,"PBL","TRG","10","CAAVKKLF","1 or 2",5.555555556,4,1
"585","Active",51,"PBL","TRG","5","CATWDRPYKKLF","1 or 2",1.388888889,1,1
"586","Active",51,"PBL","TRG","3","CATWDSYKKLF","1 or 2",1.388888889,1,1
"587","Active",51,"PBL","TRD","1","CALGEGFQRLGDCKLIF","1",23.07692308,18,2
"588","Active",51,"PBL","TRD","1","CALGELRAFGYRNPQYYYDKLIF","1",8.974358974,7,1
"589","Active",51,"PBL","TRD","1","CALGELHWGILSDKLIF","1",8.974358974,7,1
"590","Active",51,"PBL","TRD","1","CALGYLYSRHLIPTDKLIF","1",7.692307692,6,1
"591","Active",51,"PBL","TRD","1","CALGVLGTFSYPGRDKLIF","1",5.128205128,4,1
"592","Active",51,"PBL","TRD","1","CALGDPPPSLKLIF","1",5.128205128,4,1
"593","Active",51,"PBL","TRD","1","CALGVPLGYGLGDPYTDKLIF","1",3.846153846,3,1
"594","Active",51,"PBL","TRD","1","CALGGSLPMWGINTDKLIF","1",3.846153846,3,1
"595","Active",51,"PBL","TRD","1","CALGVGFHPLKLIF","1",3.846153846,3,1
"596","Active",51,"PBL","TRD","1","CALGEPDTDITARRYKLIF","1",2.564102564,2,1
"597","Active",51,"PBL","TRD","1","CALGERWATRYAGPDKLIF","1",2.564102564,2,1
"598","Active",51,"PBL","TRD","1","CALGVPPFLQYSLTDKLIF","1",2.564102564,2,1
"599","Active",51,"PBL","TRD","1","CALGEHPMGDWGTDKLIF","1",2.564102564,2,1
"600","Active",51,"PBL","TRD","1","CALGVLVDTGDKLIF","1",2.564102564,2,1
"601","Active",51,"PBL","TRD","1","CALGELTTDKLIF","1",2.564102564,2,1
"602","Active",51,"PBL","TRD","1","CALGELRPHRNPGIRVGAFPVPHPTDKLIF","1",1.282051282,1,1
"603","Active",51,"PBL","TRD","1","CALGELRALGYRNPQYYYDKLIF","1",1.282051282,1,1
"604","Active",51,"PBL","TRD","1","CALGELYTGIRFGGTDKLIF","1",1.282051282,1,1
"605","Active",51,"PBL","TRD","1","CALGGRSYGWGIGYTDKLIF","1",1.282051282,1,1
"606","Active",51,"PBL","TRD","1","CAVGEPPPFLSGGNTDKLIF","1",1.282051282,1,1
"607","Active",51,"PBL","TRD","1","CALGDLYTLPGTGALGLIF","1",1.282051282,1,1
"608","Active",51,"PBL","TRD","1","CALGDPYFLFHWGTDKLIF","1",1.282051282,1,1
"609","Active",51,"PBL","TRD","1","CALGEHGSVLGEVDKLIF","1",1.282051282,1,1
"610","Active",51,"PBL","TRD","1","CARGDLHWGILSDKFFF","1",1.282051282,1,1
"611","Active",51,"PBL","TRD","1","CALGELVLRFTDKLIF","1",1.282051282,1,1
"612","Active",51,"PBL","TRD","1","CALLLPTGMGTDKLIF","1",1.282051282,1,1
"613","Active",81,"IEL","TRG","4","CATWDHYKKLF","1 or 2",92.13483146,82,1
"614","Active",81,"IEL","TRG","9","CALWEVRYKKLF","1 or 2",6.741573034,6,2
"615","Active",81,"IEL","TRG","4","CATTDHYKKLF","1",1.123595506,1,1
"616","Active",81,"IEL","TRD","1","CALGELEGPYYRWGIQTDKLIF","1",86.17021277,81,2
"617","Active",81,"IEL","TRD","1","CALGEAGGRWSLGHDKLIF","1",7.446808511,7,1
"618","Active",81,"IEL","TRD","1","CALGGGWRPDKLIF","1",4.255319149,4,1
"619","Active",81,"IEL","TRD","1","CALGELEGPYYRWGIQTDKHIF","1",1.063829787,1,1
"620","Active",81,"IEL","TRD","1","CALGELEGSYYRWGIQTDKLIF","1",1.063829787,1,1
"621","Active",81,"PBL","TRG","9","CALWEVPELYYKKLF","1",62.06896552,36,1
"622","Active",81,"PBL","TRG","2","CATWDGYKKLF","1 or 2",32.75862069,19,1
"623","Active",81,"PBL","TRG","9","CALVGRCPNFIIRNSF","1",1.724137931,1,1
"624","Active",81,"PBL","TRG","9","CALWEVSELYYKKLF","1",1.724137931,1,1
"625","Active",81,"PBL","TRG","2","CAAWDGYKKLF","1 or 2",1.724137931,1,1
"626","Active",81,"PBL","TRD","1","CALGDPPTGTGGYAEADKLIF","1",97.87234043,92,2
"627","Active",81,"PBL","TRD","1","CALGDPPTGPGGYAEADKLIF","1",1.063829787,1,1
"628","Active",81,"PBL","TRD","1","CALGDPPTGTGGCAEADKLIF","1",1.063829787,1,1
"629","Active",112,"IEL","TRG","10","CAAWDYGGWFKIF","P1",12.28070175,7,1
"630","Active",112,"IEL","TRG","4","CATWDPFYYKKLF","1",7.01754386,4,1
"631","Active",112,"IEL","TRG","4","CATWDGPLWAYYYKKLF","1",5.263157895,3,1
"632","Active",112,"IEL","TRG","3","CATWDRPGIYYKKLF","1",5.263157895,3,1
"633","Active",112,"IEL","TRG","4","CATWDERHYKKLF","1",5.263157895,3,1
"634","Active",112,"IEL","TRG","10","CAAWKNYYKKLF","1",5.263157895,3,1
"635","Active",112,"IEL","TRG","9","CALWEVSYTTGWFKIF","P1",3.50877193,2,1
"636","Active",112,"IEL","TRG","5","CATWDRDYSGWFKIF","P1",3.50877193,2,1
"637","Active",112,"IEL","TRG","2","CATWDGSRDWFKIF","P1",3.50877193,2,1
"638","Active",112,"IEL","TRG","10","CAAWPFYYYKKLF","1",3.50877193,2,1
"639","Active",112,"IEL","TRG","9","CALWEGPDYKKLF","1",3.50877193,2,1
"640","Active",112,"IEL","TRG","8","CATWDIQGWFKIF","P1",3.50877193,2,1
"641","Active",112,"IEL","TRG","4","CATWDFNYYKKLF","2",3.50877193,2,1
"642","Active",112,"IEL","TRG","4","CATWDTFHYKKLF","1",3.50877193,2,1
"643","Active",112,"IEL","TRG","3","CATWDRPRNKKLF","1",3.50877193,2,1
"644","Active",112,"IEL","TRG","4","CATWEWFKIF","P1",3.50877193,2,1
"645","Active",112,"IEL","TRG","10","CAAWELYTTGWFKIF","P1",1.754385965,1,1
"646","Active",112,"IEL","TRG","8","CATWDNSATGWFKIF","P1",1.754385965,1,1
"647","Active",112,"IEL","TRG","5","CATWDRHGSDWIKTF","P1",1.754385965,1,1
"648","Active",112,"IEL","TRG","4","CATWDLDPTGWFKIF","P1",1.754385965,1,1
"649","Active",112,"IEL","TRG","3","CATWDSPNYYKKLF","2",1.754385965,1,1
"650","Active",112,"IEL","TRG","9","CALWEAPNHKKLF","1",1.754385965,1,1
"651","Active",112,"IEL","TRG","4","CATWDRACWFKIF","P1",1.754385965,1,1
"652","Active",112,"IEL","TRG","4","CATWDGLYYKKLF","1",1.754385965,1,1
"653","Active",112,"IEL","TRG","5","CATWAVNYKKLF","1",1.754385965,1,1
"654","Active",112,"IEL","TRG","5","CATWASSYKKLF","1",1.754385965,1,1
"655","Active",112,"IEL","TRG","3","CATWHSYWEKLF","1",1.754385965,1,1
"656","Active",112,"IEL","TRG","2","CATWDGRNKKLF","1",1.754385965,1,1
"657","Active",112,"IEL","TRG","3","CATWDDYKKLF","1",1.754385965,1,1
"658","Active",112,"IEL","TRG","3","CATWGHKKLF","1",1.754385965,1,1
"659","Active",112,"IEL","TRD","1","CALGELPTSYGRLLGDTDKLIF","1",11.94029851,8,1
"660","Active",112,"IEL","TRD","1","CALGEFGRTDKLIF","1",5.970149254,4,1
"661","Active",112,"IEL","TRD","1","CALGEAFLLLLGSGLIF","1",4.47761194,3,1
"662","Active",112,"IEL","TRD","1","CALGWRRPSSTGGYRVPYTDKLIF","1",2.985074627,2,1
"663","Active",112,"IEL","TRD","1","CALGGGRGFYGRSMGDIVTDKLIF","1",2.985074627,2,1
"664","Active",112,"IEL","TRD","1","CALGEGSAFLLRWGTGHTDKLIF","1",2.985074627,2,1
"665","Active",112,"IEL","TRD","1","CALGEPQYSLLQGGYGTDKLIF","1",2.985074627,2,1
"666","Active",112,"IEL","TRD","1","CALGERRPRSWGIRGAQLFF","2",2.985074627,2,1
"667","Active",112,"IEL","TRD","1","CALGERPLLYWGTVTKLIF","1",2.985074627,2,1
"668","Active",112,"IEL","TRD","1","CALGEPFLRSAGGFDKLIF","1",2.985074627,2,1
"669","Active",112,"IEL","TRD","1","CALGQNRDYWGIPADKLIF","1",2.985074627,2,1
"670","Active",112,"IEL","TRD","1","CALGELLLPVDKLIF","1",2.985074627,2,1
"671","Active",112,"IEL","TRD","TRAV29/DV5","CAAKALEQILGERVLGDGTDKLIF","1",1.492537313,1,1
"672","Active",112,"IEL","TRD","1","CALGRLPNWGIYSRVPSYTDKLIF","1",1.492537313,1,1
"673","Active",112,"IEL","TRD","1","CALGARRPSKHHWGINAYTDKLIF","1",1.492537313,1,1
"674","Active",112,"IEL","TRD","1","CALGELPGPVGYTGLFLTAQLFF","2",1.492537313,1,1
"675","Active",112,"IEL","TRD","1","CALGELRPSTRGIGALTAQLFF","2",1.492537313,1,1
"676","Active",112,"IEL","TRD","1","CALGELPTSYGRLVGDTDKLIF","1",1.492537313,1,1
"677","Active",112,"IEL","TRD","1","CALGEPQSFLMQGGYGFGKLIF","1",1.492537313,1,1
"678","Active",112,"IEL","TRD","1","CALGVLSLQRYWGILYTDKLIF","1",1.492537313,1,1
"679","Active",112,"IEL","TRD","1","CALGSASLYWGIVGCPDKLIF","1",1.492537313,1,1
"680","Active",112,"IEL","TRD","1","CALGRGVRQGDMTDKLIF","1",1.492537313,1,1
"681","Active",112,"IEL","TRD","1","CALGELSGFLRWFSGPDKLIF","1",1.492537313,1,1
"682","Active",112,"IEL","TRD","1","CALGKFLRGGYPYLYTDKLIF","1",1.492537313,1,1
"683","Active",112,"IEL","TRD","1","CALGGKYWGSRGTDKLIF","1",1.492537313,1,1
"684","Active",112,"IEL","TRD","1","CALGGFRTGYVHGTDKLIF","1",1.492537313,1,1
"685","Active",112,"IEL","TRD","1","CALGERRPTWIYWGVKLIF","1",1.492537313,1,1
"686","Active",112,"IEL","TRD","TRAV29/DV5","CAARVGFLLGDTNEPPGELIF","1",1.492537313,1,1
"687","Active",112,"IEL","TRD","1","CALGELSGRRGYDSLTAQLFF","2",1.492537313,1,1
"688","Active",112,"IEL","TRD","1","CALGEQRTFLPWGMNTDKLIF","1",1.492537313,1,1
"689","Active",112,"IEL","TRD","1","CALGELSMGRGWGLYTDKLIF","1",1.492537313,1,1
"690","Active",112,"IEL","TRD","1","CALGDPLYWGISPLYTDKLIF","1",1.492537313,1,1
"691","Active",112,"IEL","TRD","1","CALGDGGLFRYWGTNTDKLIF","1",1.492537313,1,1
"692","Active",112,"IEL","TRD","1","CALGELEYLRDWGIGGDKLIF","1",1.492537313,1,1
"693","Active",112,"IEL","TRD","1","CALGAGLPSSYWGPLPQLIF","1",1.492537313,1,1
"694","Active",112,"IEL","TRD","1","CALGEASWGIPKTITDKLIF","1",1.492537313,1,1
"695","Active",112,"IEL","TRD","1","CALGELSGLTGGFLDKLIF","1",1.492537313,1,1
"696","Active",112,"IEL","TRD","1","CALGELFRGLGAYTDKLIF","1",1.492537313,1,1
"697","Active",112,"IEL","TRD","1","CALGDPPVLGDFPTDKLIF","1",1.492537313,1,1
"698","Active",112,"IEL","TRD","1","CALGARGSGGYAPARPLIF","1",1.492537313,1,1
"699","Active",112,"IEL","TRD","1","CALGASEFGFRATAQLFF","2",1.492537313,1,1
"700","Active",112,"IEL","TRD","1","CALEAAVPYGGGSDKLIF","1",1.492537313,1,1
"701","Active",112,"IEL","TRD","1","CALGEPFGTRYFMDKLIF","1",1.492537313,1,1
"702","Active",112,"IEL","TRD","1","CALGELWVILLDTDKLIF","1",1.492537313,1,1
"703","Active",112,"IEL","TRD","1","CALGEGFLPTSADKLIF","1",1.492537313,1,1
"704","Active",112,"IEL","TRD","1","CALAGSYLRGDKLIF","1",1.492537313,1,1
"705","Active",112,"PBL","TRG","8","CATWVTARSTTGWFKIF","P1",17.94871795,7,1
"706","Active",112,"PBL","TRG","2","CATWDGQRYKKLF","1",15.38461538,6,1
"707","Active",112,"PBL","TRG","2","CATWDGRHKKLF","1",12.82051282,5,1
"708","Active",112,"PBL","TRG","4","CATWDGHHTGWFKIF","P1",10.25641026,4,1
"709","Active",112,"PBL","TRG","9","CALWEVQREKLF","1",10.25641026,4,1
"710","Active",112,"PBL","TRG","9","CALWEVRKESTGWFKIF","P1",7.692307692,3,1
"711","Active",112,"PBL","TRG","10","CAAWGQYTGWFKIF","P1",5.128205128,2,1
"712","Active",112,"PBL","TRG","2","CATWDGRNYYKKLF","2",5.128205128,2,1
"713","Active",112,"PBL","TRG","9","CALWEVLPGKKLF","1",5.128205128,2,1
"714","Active",112,"PBL","TRG","8","CATWDNYKKLF","1",5.128205128,2,1
"715","Active",112,"PBL","TRG","3","CATWDGSYYKKLF","1",2.564102564,1,1
"716","Active",112,"PBL","TRG","9","CALWEPGKKLF","1",2.564102564,1,1
"717","Active",112,"PBL","TRD","1","CALGESSYLPITGGYGGPRAYTDKLIF","1",51.66666667,31,1
"718","Active",112,"PBL","TRD","1","CALGDPRARWLLGDIGLYTDKLIF","1",8.333333333,5,1
"719","Active",112,"PBL","TRD","1","CALGVRAVIHLHRTGGSPTDKLIF","1",8.333333333,5,1
"720","Active",112,"PBL","TRD","1","CALGEESLHPPYWGIRGVFEKKYTDKLIF","1",5,3,1
"721","Active",112,"PBL","TRD","1","CALGETPPRVGDKADKLIF","1",5,3,1
"722","Active",112,"PBL","TRD","1","CALGPRPSPHLGIKGTDKLIF","1",3.333333333,2,1
"723","Active",112,"PBL","TRD","1","CALGELASYVKLGDKSDKLIF","1",3.333333333,2,1
"724","Active",112,"PBL","TRD","1","CALGLTLRPSGSTDKLIF","1",3.333333333,2,1
"725","Active",112,"PBL","TRD","1","CALGEKVFPAWGPKLIF","1",3.333333333,2,1
"726","Active",112,"PBL","TRD","1","CALGETSSRVLGDTRMYLADKLIF","1",1.666666667,1,1
"727","Active",112,"PBL","TRD","1","CALGERGLPHWGMPDTDKLIF","1",1.666666667,1,1
"728","Active",112,"PBL","TRD","1","CALGEDGWGIRQRYTDKLIF","1",1.666666667,1,1
"729","Active",112,"PBL","TRD","1","CALGSPRDLLYTDKLIF","1",1.666666667,1,1
"730","Active",112,"PBL","TRD","1","CALLGDPTRDYTDKLIF","1",1.666666667,1,1
"731","Active",143,"IEL","TRG","9","CALWVQKLF","1",16.98113208,9,1
"732","Active",143,"IEL","TRG","4","CATWDWGLKLF","1 or 2",7.547169811,4,1
"733","Active",143,"IEL","TRG","5","CATWDRRGVYYKKLF","1",5.660377358,3,1
"734","Active",143,"IEL","TRG","9","CALWTSLQELGKKIKVF","P",3.773584906,2,1
"735","Active",143,"IEL","TRG","4","CATWDHSQELGKKIKVF","P",3.773584906,2,1
"736","Active",143,"IEL","TRG","3","CATWDRPQELGKKIKVF","P",3.773584906,2,1
"737","Active",143,"IEL","TRG","4","CATWDGPKTPGGKLF","1",3.773584906,2,1
"738","Active",143,"IEL","TRG","3","CATWDRLYVYYKKLF","1",3.773584906,2,1
"739","Active",143,"IEL","TRG","10","CAAWVHTTGWFKIF","P1",3.773584906,2,1
"740","Active",143,"IEL","TRG","4","CATWDGLGYKKLF","1",3.773584906,2,1
"741","Active",143,"IEL","TRG","4","CATWITGWFKIF","P1",3.773584906,2,1
"742","Active",143,"IEL","TRG","4","CATWNGYYKKLF","2",3.773584906,2,1
"743","Active",143,"IEL","TRG","4","CATWDGYYKKLF","1",3.773584906,2,1
"744","Active",143,"IEL","TRG","5","CATWGRVDGDWIKTF","P2",1.886792453,1,1
"745","Active",143,"IEL","TRG","4","CATWDGRGSDWIKTF","P2",1.886792453,1,1
"746","Active",143,"IEL","TRG","4","CATWDGPPNYYKKLF","2",1.886792453,1,1
"747","Active",143,"IEL","TRG","10","CAAWDLAIGWFKIF","P1",1.886792453,1,1
"748","Active",143,"IEL","TRG","10","CAAWDFLIYDKKLF","1",1.886792453,1,1
"749","Active",143,"IEL","TRG","3","CATWDRLNYYKKLF","1",1.886792453,1,1
"750","Active",143,"IEL","TRG","8","CATWAPNYYKKLF","2",1.886792453,1,1
"751","Active",143,"IEL","TRG","2","CATWDGPHYKKLF","1",1.886792453,1,1
"752","Active",143,"IEL","TRG","9","CALWEDAGKKLF","1",1.886792453,1,1
"753","Active",143,"IEL","TRG","4","CATWLNYYKKLF","2",1.886792453,1,1
"754","Active",143,"IEL","TRG","2","CATWDGGSKKLF","1",1.886792453,1,1
"755","Active",143,"IEL","TRG","5","CATWDRQGALF","1 or 2",1.886792453,1,1
"756","Active",143,"IEL","TRG","3","CATWDRPEKLF","1 or 2",1.886792453,1,1
"757","Active",143,"IEL","TRG","3","CATWDRRQKLF","1 or 2",1.886792453,1,1
"758","Active",143,"IEL","TRG","3","CATWDRLKKLF","1",1.886792453,1,1
"759","Active",143,"IEL","TRG","8","CATWDSGKLF","1 or 2",1.886792453,1,1
"760","Active",143,"IEL","TRG","3","CATWDRQELF","1 or 2",1.886792453,1,1
"761","Active",143,"IEL","TRD","1","CALGDLRGGYASSLTLHTDKLIF","1",16,12,1
"762","Active",143,"IEL","TRD","1","CALGQGWYSRLLGDTRYTDKLIF","1",6.666666667,5,1
"763","Active",143,"IEL","TRD","1","CALGDPLLDTDKLIF","1",6.666666667,5,1
"764","Active",143,"IEL","TRD","1","CALGELSSGKLIF","1",6.666666667,5,1
"765","Active",143,"IEL","TRD","1","CALGELDPTNYPYTDKLIF","1",5.333333333,4,1
"766","Active",143,"IEL","TRD","1","CALGDSLPTTAWNTDKLIF","1",4,3,1
"767","Active",143,"IEL","TRD","1","CALGEGHWGIADKLIF","1",4,3,1
"768","Active",143,"IEL","TRD","1","CALGELRWGWSAKLIF","1",4,3,1
"769","Active",143,"IEL","TRD","1","CALGEPVLNPILTPGWSTDKLIF","1",2.666666667,2,1
"770","Active",143,"IEL","TRD","1","CALGERLPHYWGFRGDYTDKLIF","1",2.666666667,2,1
"771","Active",143,"IEL","TRD","1","CALGELRVPSWLGIYTDKLIF","1",2.666666667,2,1
"772","Active",143,"IEL","TRD","TRAV14/DV4","CASIFTGGYAPRGTDKLIF","1",2.666666667,2,1
"773","Active",143,"IEL","TRD","1","CALGELGFLLGDTDKLIF","1",2.666666667,2,1
"774","Active",143,"IEL","TRD","1","CALGEGFLPWGGQHKLIF","1",2.666666667,2,1
"775","Active",143,"IEL","TRD","3","CALTLPTSGPPKLIF","1",2.666666667,2,1
"776","Active",143,"IEL","TRD","1","CALGELETDKLIF","1",2.666666667,2,1
"777","Active",143,"IEL","TRD","1","CALGDPDFELAYRGLTGGPRYTDKLIF","1",1.333333333,1,1
"778","Active",143,"IEL","TRD","1","CALGPRGDPLPKSGGLRYTDKLIF","1",1.333333333,1,1
"779","Active",143,"IEL","TRD","1","CALGPRGDPLPKFGGLRYTDKLIF","1",1.333333333,1,1
"780","Active",143,"IEL","TRD","1","CALGIQWPSYWGDTHSHTDKLIF","1",1.333333333,1,1
"781","Active",143,"IEL","TRD","1","CALGGWNFLRGDTSLLVTDKLIF","1",1.333333333,1,1
"782","Active",143,"IEL","TRD","1","CALGSAQVGYWGIRAKTDKLIF","1",1.333333333,1,1
"783","Active",143,"IEL","TRD","1","CALLYPSRRGLKGDPGCDKLIF","1",1.333333333,1,1
"784","Active",143,"IEL","TRD","1","CALGEGNPLPRIAGGYLDKLIF","1",1.333333333,1,1
"785","Active",143,"IEL","TRD","1","CALGATFPAPYWGTQNTDKLIF","1",1.333333333,1,1
"786","Active",143,"IEL","TRD","1","CALGERQYPGGYARAGPDKLIF","1",1.333333333,1,1
"787","Active",143,"IEL","TRD","1","CALGEPPLPIGLGDTYTDKLIF","1",1.333333333,1,1
"788","Active",143,"IEL","TRD","1","CALGEPTAHALGDPYTAQLFF","2",1.333333333,1,1
"789","Active",143,"IEL","TRD","1","CALGATSRPLGWGSYTDKLIF","1",1.333333333,1,1
"790","Active",143,"IEL","TRD","1","CALGIFRPSYWGIHDTDKLIF","1",1.333333333,1,1
"791","Active",143,"IEL","TRD","1","CALGKSPLSGYFFYTDKLIF","1",1.333333333,1,1
"792","Active",143,"IEL","TRD","1","CALGEIGNLYWGILTDKLIF","1",1.333333333,1,1
"793","Active",143,"IEL","TRD","1","CALGGAPLGDTRKDKLIF","1",1.333333333,1,1
"794","Active",143,"IEL","TRD","1","CALGEPYWGIHEPDKLIF","1",1.333333333,1,1
"795","Active",143,"IEL","TRD","1","CALGDPVLDTDKLIF","1",1.333333333,1,1
"796","Active",143,"PBL","TRG","9","CALWEAPWLRGPGWHYYKKLF","1",41.30434783,19,1
"797","Active",143,"PBL","TRG","2","CATWDGYYKKLF","1",28.26086957,13,1
"798","Active",143,"PBL","TRG","5","CATWDRQTYKKLF","2",10.86956522,5,1
"799","Active",143,"PBL","TRG","10","CAAWDRGPPHYKKLF","1",8.695652174,4,1
"800","Active",143,"PBL","TRG","4","CATWDGPRYYKKLF","1",6.52173913,3,1
"801","Active",143,"PBL","TRG","8","CATWDTTGWFKIF","P1",4.347826087,2,1
"802","Active",143,"PBL","TRD","1","CALGGAPLGDTRKDKLIF","1",53.24675325,41,2
"803","Active",143,"PBL","TRD","1","CALGLHWGISLRKLIF","1",11.68831169,9,1
"804","Active",143,"PBL","TRD","TRAV38-2/DV8","CAYRGRDQPAPGPTADKLIF","1",10.38961039,8,1
"805","Active",143,"PBL","TRD","2","CACDTVTYRKSTGDQETAQLFF","2",7.792207792,6,1
"806","Active",143,"PBL","TRD","1","CALGEHWFLQEVGALQYTDKLIF","1",3.896103896,3,1
"807","Active",143,"PBL","TRD","1","CALGGPGVLGLSWGILSDKLIF","1",3.896103896,3,1
"808","Active",143,"PBL","TRD","1","CALGETAFLRVLGDNAKLIF","1",2.597402597,2,1
"809","Active",143,"PBL","TRD","1","CAFGEHWFLQEVGALQYTDKLIF","1",1.298701299,1,1
"810","Active",143,"PBL","TRD","1","CALGEQVGRGYALLITDKLIF","1",1.298701299,1,1
"811","Active",143,"PBL","TRD","1","CALGELESLYWGMRADKLIF","1",1.298701299,1,1
"812","Active",143,"PBL","TRD","1","CALGGAPLGGTRKDKLIF","1",1.298701299,1,1
"813","Active",143,"PBL","TRD","1","CALGGAPPGGMRKDKLIF","1",1.298701299,1,1
"814","GFD",4,"IEL","TRG","4","CATWDGLGPGLSYKKLF","1",22.35294118,19,1
"815","GFD",4,"IEL","TRG","9","CALWEAYPPQELGKKIKVF","P",12.94117647,11,2
"816","GFD",4,"IEL","TRG","5","CATWVYYKKLF","1",11.76470588,10,1
"817","GFD",4,"IEL","TRG","4","CATWDGPINYYKKLF","2 or 1",9.411764706,8,1
"818","GFD",4,"IEL","TRG","10","CAAWDSPGKLF","2 or 1",8.235294118,7,1
"819","GFD",4,"IEL","TRG","9","CALWIGKKLF","1 or 2",8.235294118,7,1
"820","GFD",4,"IEL","TRG","4","CATWDGWLRKYYKKLF","2 or 1",7.058823529,6,1
"821","GFD",4,"IEL","TRG","8","CATWDINTTGWFKIF","P1",5.882352941,5,1
"822","GFD",4,"IEL","TRG","4","CATWDAAYKKLF","1",4.705882353,4,1
"823","GFD",4,"IEL","TRG","4","CATWDAPPGSNYYKKLF","2",2.352941176,2,1
"824","GFD",4,"IEL","TRG","4","CATWDGRVLKKLF","1",2.352941176,2,1
"825","GFD",4,"IEL","TRG","9","CALWEAYPPQELGKKIKVL","P",1.176470588,1,1
"826","GFD",4,"IEL","TRG","8","CATWDINATGWFKIF","P1",1.176470588,1,1
"827","GFD",4,"IEL","TRG","4","CATWDGLLFTEKLF","1",1.176470588,1,1
"828","GFD",4,"IEL","TRG","9","CALWETKNYYKKLF","2",1.176470588,1,1
"829","GFD",4,"IEL","TRD","1","CALGEHLTDKLIF","1",30.76923077,28,1
"830","GFD",4,"IEL","TRD","1","CALGEKAWGIERIWDKLIF","1",7.692307692,7,1
"831","GFD",4,"IEL","TRD","1","CALGELPAENWGIPPTDKLIF","1",6.593406593,6,1
"832","GFD",4,"IEL","TRD","1","CALGEWPTLKFLPRGPNTDKLIF","1",5.494505495,5,1
"833","GFD",4,"IEL","TRD","1","CALGETSYWGLRGPYTDKLIF","1",5.494505495,5,1
"834","GFD",4,"IEL","TRD","1","CALGEIEFTYGIRTDKLIF","1",5.494505495,5,1
"835","GFD",4,"IEL","TRD","1","CALGELAHLGLLRAKRYSDKLIF","1",4.395604396,4,1
"836","GFD",4,"IEL","TRD","1","CALGELPTLGILYGPHKLIF","1",4.395604396,4,1
"837","GFD",4,"IEL","TRD","1","CALGELPYTDKLIF","1",4.395604396,4,1
"838","GFD",4,"IEL","TRD","1","CALGYHSGGWGIPDKLIF","1",3.296703297,3,1
"839","GFD",4,"IEL","TRD","1","CALGYWGILKGPTDKLIF","1",3.296703297,3,1
"840","GFD",4,"IEL","TRD","1","CALGETHKLIF","1",3.296703297,3,1
"841","GFD",4,"IEL","TRD","1","CALGELWVQGDKLIF","1",2.197802198,2,1
"842","GFD",4,"IEL","TRD","1","CALGVLNLPDKLIF","1",2.197802198,2,1
"843","GFD",4,"IEL","TRD","1","CALGELAHLGLLRAKRYSDKLIL","1",1.098901099,1,1
"844","GFD",4,"IEL","TRD","1","CALGESQYYWRGDPNLYTDKLIF","1",1.098901099,1,1
"845","GFD",4,"IEL","TRD","1","CALGELHLPMDTGGYRVGKLIF","1",1.098901099,1,1
"846","GFD",4,"IEL","TRD","1","CALGEILPTYWGMRYTDKLIF","1",1.098901099,1,1
"847","GFD",4,"IEL","TRD","1","CALGELRRWGSLYSTDKLIF","1",1.098901099,1,1
"848","GFD",4,"IEL","TRD","1","CALGELAYWGIQYTDKLIF","1",1.098901099,1,1
"849","GFD",4,"IEL","TRD","1","CALGERAWGIERIWDKLIF","1",1.098901099,1,1
"850","GFD",4,"IEL","TRD","1","CACDPHNGIWGETDKLIF","1",1.098901099,1,1
"851","GFD",4,"IEL","TRD","1","CALGELFPAPYTDKLIF","1",1.098901099,1,1
"852","GFD",4,"IEL","TRD","1","CALGETFRWPLGLKLIF","1",1.098901099,1,1
"853","GFD",4,"PBL","TRG","9","CALWEVRYKKLF","1 or 2",97.77777778,88,3
"854","GFD",4,"PBL","TRG","9","CALWGYYKKLF","1",1.111111111,1,1
"855","GFD",4,"PBL","TRG","8","CATWDYYKKLF","1 or 2",1.111111111,1,1
"856","GFD",4,"PBL","TRD","1","CALGELRGIKRKLIF","1",14.77272727,13,1
"857","GFD",4,"PBL","TRD","1","CALGERVLPGGNTDKLIF","1",13.63636364,12,1
"858","GFD",4,"PBL","TRD","1","CALGEMVLGSEGYYWGIPRNLWTDKLIF","1",10.22727273,9,1
"859","GFD",4,"PBL","TRD","1","CALGEYPSYGGDRKLIF","1",10.22727273,9,1
"860","GFD",4,"PBL","TRD","1","CALGEIFSVLHSRPDGWGRGENTDKLIF","1",9.090909091,8,2
"861","GFD",4,"PBL","TRD","1","CALGELERKMYWGIRSDKLIF","1",6.818181818,6,1
"862","GFD",4,"PBL","TRD","1","CALGHFPSVIRGDKLIF","1",6.818181818,6,1
"863","GFD",4,"PBL","TRD","1","CALGESHFWEYSADKLIF","1",5.681818182,5,1
"864","GFD",4,"PBL","TRD","1","CALGVRRPPLSWGILTDKLIF","1",4.545454545,4,1
"865","GFD",4,"PBL","TRD","1","CALGELGRATGGCTDKLIF","1",4.545454545,4,1
"866","GFD",4,"PBL","TRD","1","CALGTPLPYPGGYRGTYTDKLIF","1",3.409090909,3,1
"867","GFD",4,"PBL","TRD","1","CALGDCPGRPSYIARWGIRDGTDKLIF","1",2.272727273,2,1
"868","GFD",4,"PBL","TRD","1","CALGEIFSVLEGRPGGRARGESTDKLIF","1",1.136363636,1,1
"869","GFD",4,"PBL","TRD","1","CALGDCPGRPPYIARWGIRDGTDKLIF","1",1.136363636,1,1
"870","GFD",4,"PBL","TRD","1","CALGDLKIPLGDWGIQGTDKLIF","1",1.136363636,1,1
"871","GFD",4,"PBL","TRD","1","CALGELGRAIGGCTDKLIF","1",1.136363636,1,1
"872","GFD",4,"PBL","TRD","1","CALGELSYWGIHTDKLIF","1",1.136363636,1,1
"873","GFD",4,"PBL","TRD","1","CALGELDLGDTSRKLIF","1",1.136363636,1,1
"874","GFD",4,"PBL","TRD","1","CALGELRGIKRKPIF","1",1.136363636,1,1
"875","GFD",9,"IEL","TRG","9","CALWEVPSPKKLF","1",19.04761905,12,2
"876","GFD",9,"IEL","TRG","9","CALWEVQALKKLF","2",14.28571429,9,2
"877","GFD",9,"IEL","TRG","9","CALWEVRYYKKLF","1",7.936507937,5,1
"878","GFD",9,"IEL","TRG","9","CALWEPGFKKLF","1",4.761904762,3,1
"879","GFD",9,"IEL","TRG","9","CALWEVQELGKKIKVF","P",3.174603175,2,1
"880","GFD",9,"IEL","TRG","2","CATWDGPSDYYKKLF","2",3.174603175,2,1
"881","GFD",9,"IEL","TRG","2","CATWDGPVWYKKLF","1",3.174603175,2,1
"882","GFD",9,"IEL","TRG","10","CAAPHFYYYKKLF","1",3.174603175,2,1
"883","GFD",9,"IEL","TRG","9","CALWEVQVRKLF","1 or 2",3.174603175,2,1
"884","GFD",9,"IEL","TRG","9","CALWGDWIKTF","P2",3.174603175,2,1
"885","GFD",9,"IEL","TRG","8","CATWDSRKKLF","1 or 2",3.174603175,2,1
"886","GFD",9,"IEL","TRG","8","CATWGNKKLF","1 or 2",3.174603175,2,1
"887","GFD",9,"IEL","TRG","8","CATWEQKKLF","1 or 2",3.174603175,2,1
"888","GFD",9,"IEL","TRG","9","CALWEVLLILGKKIKVF","P",1.587301587,1,1
"889","GFD",9,"IEL","TRG","9","CALWEVSELGKKIKVF","P",1.587301587,1,1
"890","GFD",9,"IEL","TRG","8","CATWIDLGGSDWIKTF","P2",1.587301587,1,1
"891","GFD",9,"IEL","TRG","9","CALWEASVNYYKKLF","2",1.587301587,1,1
"892","GFD",9,"IEL","TRG","9","CALWEGEFFYYKKLF","1",1.587301587,1,1
"893","GFD",9,"IEL","TRG","8","CATWDRNTTGWFKIY","P1",1.587301587,1,1
"894","GFD",9,"IEL","TRG","3","CATWDLTSSDWIKTF","P2",1.587301587,1,1
"895","GFD",9,"IEL","TRG","9","CALWEVPMPKELF","1",1.587301587,1,1
"896","GFD",9,"IEL","TRG","8","CATWEEWDYKKLF","1",1.587301587,1,1
"897","GFD",9,"IEL","TRG","8","CATWEVDYKKLF","1",1.587301587,1,1
"898","GFD",9,"IEL","TRG","3","CATWDRPFGKLF","1 or 2",1.587301587,1,1
"899","GFD",9,"IEL","TRG","3","CATWDTYYKKLF","1",1.587301587,1,1
"900","GFD",9,"IEL","TRG","2","CATSPSDREKLF","1",1.587301587,1,1
"901","GFD",9,"IEL","TRG","10","CAAWNYYKKLF","2",1.587301587,1,1
"902","GFD",9,"IEL","TRG","10","CAAWDCIKKLF","2",1.587301587,1,1
"903","GFD",9,"IEL","TRG","9","CALWEVRRKLF","1 or 2",1.587301587,1,1
"904","GFD",9,"IEL","TRD","3","CAPPGGGLYTDKLIF","1",24.24242424,16,1
"905","GFD",9,"IEL","TRD","1","CALGVPSKAFLFGDVYWGTLPAYTDKLIF","1",6.060606061,4,1
"906","GFD",9,"IEL","TRD","1","CALGGRSFPPPYWGIRSTDKLIF","1",6.060606061,4,1
"907","GFD",9,"IEL","TRD","1","CALGERFPSYWGKGYTDKLIF","1",6.060606061,4,1
"908","GFD",9,"IEL","TRD","1","CALGEERRARIPARVPYWGKDKLIF","1",4.545454545,3,1
"909","GFD",9,"IEL","TRD","1","CALGERPSWGYARTDKLIF","1",4.545454545,3,1
"910","GFD",9,"IEL","TRD","1","CALGAAFPTTYWGIIPRTGTDKLIF","1",3.03030303,2,1
"911","GFD",9,"IEL","TRD","1","CALGDDPLPAYGGYAVGTQKLIF","1",3.03030303,2,1
"912","GFD",9,"IEL","TRD","1","CALGAHSALAWGTNLYTDKLIF","1",3.03030303,2,1
"913","GFD",9,"IEL","TRD","1","CALGDHRSRYWGIGAYTDKLIF","1",3.03030303,2,1
"914","GFD",9,"IEL","TRD","1","CALGELRGRKYVPVAYTDKLIF","1",3.03030303,2,1
"915","GFD",9,"IEL","TRD","1","CALGERKPYGGLVDTDKLIF","1",3.03030303,2,1
"916","GFD",9,"IEL","TRD","1","CALGELTPTYWGIRGDKLIF","1",3.03030303,2,1
"917","GFD",9,"IEL","TRD","1","CALVLSRYQGGYAFTDKLIF","1",3.03030303,2,1
"918","GFD",9,"IEL","TRD","1","CALGEGWGIPPDKLIF","1",3.03030303,2,1
"919","GFD",9,"IEL","TRD","1","CALGDPPFSVTDKLIF","1",3.03030303,2,1
"920","GFD",9,"IEL","TRD","3","CAFISPNGYWGKLIF","1",1.515151515,1,1
"921","GFD",9,"IEL","TRD","1","CALGPPGDLLRPGDTCPTAQLFF","2",1.515151515,1,1
"922","GFD",9,"IEL","TRD","1","CALGYTPFVVPSPHWGIWVPYTDKLIF","1",1.515151515,1,1
"923","GFD",9,"IEL","TRD","1","CALGDPSFSGPFVLATLDTDKLIF","1",1.515151515,1,1
"924","GFD",9,"IEL","TRD","1","CALGPPKPRAGWGILGTDKLIF","1",1.515151515,1,1
"925","GFD",9,"IEL","TRD","1","CALGEIYDAGGESHGRSDKLIF","1",1.515151515,1,1
"926","GFD",9,"IEL","TRD","1","CALGELPSPPYWGIGTDKLIF","1",1.515151515,1,1
"927","GFD",9,"IEL","TRD","1","CALGDSTYWGIRAYTDKLIF","1",1.515151515,1,1
"928","GFD",9,"IEL","TRD","1","CALGELGPYWGSQYTDKLIF","1",1.515151515,1,1
"929","GFD",9,"IEL","TRD","1","CALGELVMVFGDTADKLIF","1",1.515151515,1,1
"930","GFD",9,"IEL","TRD","1","CALGLRRWWGIPKDKLIF","1",1.515151515,1,1
"931","GFD",9,"IEL","TRD","1","CALGAGEDTLTDKLIF","1",1.515151515,1,1
"932","GFD",28,"IEL","TRG","3","CATWDGGEKLF","1",98.88888889,89,1
"933","GFD",28,"IEL","TRG","2","CATWDGGYYKKLF","1",1.111111111,1,1
"934","GFD",28,"IEL","TRD","1","CALGESTAFNKLIF","1",34.92063492,22,1
"935","GFD",28,"IEL","TRD","1","CALGERLWPYWGINKDTDKLIF","1",23.80952381,15,1
"936","GFD",28,"IEL","TRD","1","CALGEELGRPSPHTGGYFADKLIF","1",12.6984127,8,1
"937","GFD",28,"IEL","TRD","1","CALGERPPPYWGMIPRTDKLIF","1",7.936507937,5,1
"938","GFD",28,"IEL","TRD","1","CALGDGYIPAFPQTYWGIRYTDKLIF","1",6.349206349,4,1
"939","GFD",28,"IEL","TRD","1","CALGELSGPSYAGGYWRYTDKLIF","1",6.349206349,4,1
"940","GFD",28,"IEL","TRD","1","CALGELGDWGPKYTDKLIF","1",4.761904762,3,1
"941","GFD",28,"IEL","TRD","1","CALGERCWPYWGINTETDKLIF","1",1.587301587,1,1
"942","GFD",28,"IEL","TRD","1","CALGEWTAFNKLIF","1",1.587301587,1,1
"943","GFD",28,"PBL","TRG","4","CATWDYYKKLF","1 or 2",43.52941176,37,1
"944","GFD",28,"PBL","TRG","9","CALWEARDGDYYKKLF","2 or 1",42.35294118,36,1
"945","GFD",28,"PBL","TRG","4","CATWRIGYKKLF","2 or 1",11.76470588,10,1
"946","GFD",28,"PBL","TRG","9","CALWEARGGDYYKKLF","2",1.176470588,1,1
"947","GFD",28,"PBL","TRG","9","CALWEARTGDYYNKLF","2",1.176470588,1,1
"948","GFD",28,"PBL","TRD","1","CALQVLPTRGIRGKLIF","1",39.3258427,35,1
"949","GFD",28,"PBL","TRD","1","CALGGRRFRYTPMGDTHTDKLIF","1",20.2247191,18,2
"950","GFD",28,"PBL","TRD","1","CALGKTHYGALDMGDKLIF","1",16.85393258,15,1
"951","GFD",28,"PBL","TRD","1","CALGSSFLRKWGPVAYTDKLIF","1",15.73033708,14,1
"952","GFD",28,"PBL","TRD","1","CALGEIGSFLRPILAGSLTDKLIF","1",4.494382022,4,1
"953","GFD",28,"PBL","TRD","1","CALGECWGIQDKTDKLIF","1",2.247191011,2,1
"954","GFD",28,"PBL","TRD","1","CALGELPPWPSLGDNKYKLIF","1",1.123595506,1,1
"955","GFD",33,"IEL","TRG","2","CATWVHYKKLF","1",18.18181818,16,1
"956","GFD",33,"IEL","TRG","9","CALWEVHKKLF","1",14.77272727,13,1
"957","GFD",33,"IEL","TRG","5","CATWDRLCRDWIKTF","P2",10.22727273,9,1
"958","GFD",33,"IEL","TRG","3","CATWDRRGVRKLF","1",10.22727273,9,1
"959","GFD",33,"IEL","TRG","5","CATWDSGGIDYKKLF","1",7.954545455,7,1
"960","GFD",33,"IEL","TRG","5","CAWDRPKYYKKLF","1",7.954545455,7,1
"961","GFD",33,"IEL","TRG","2","CATWDGPYSSDWIKTF","P2",5.681818182,5,1
"962","GFD",33,"IEL","TRG","9","CALWEAFNYYKKLF","2",5.681818182,5,1
"963","GFD",33,"IEL","TRG","9","CALWEVLYKKLF","1 or 2",3.409090909,3,1
"964","GFD",33,"IEL","TRG","3","CATWDRPEKLF","1",3.409090909,3,1
"965","GFD",33,"IEL","TRG","3","CATWDRPAAPYKKLF","1",2.272727273,2,1
"966","GFD",33,"IEL","TRG","3","CATWDRPCYKKLF","1",2.272727273,2,1
"967","GFD",33,"IEL","TRG","3","CATWDRPCVNYYKKLF","2",1.136363636,1,1
"968","GFD",33,"IEL","TRG","5","CATWDRPCRDWIKTF","P2",1.136363636,1,1
"969","GFD",33,"IEL","TRG","5","CAAWDSGGIDYKKLF","1",1.136363636,1,1
"970","GFD",33,"IEL","TRG","4","CATWDPYYKKLF","1",1.136363636,1,1
"971","GFD",33,"IEL","TRG","9","CATWELHKKLF","1 or 2",1.136363636,1,1
"972","GFD",33,"IEL","TRG","3","CATWVRPEKLF","1",1.136363636,1,1
"973","GFD",33,"IEL","TRG","2","CATWVHYKKPF","1",1.136363636,1,1
"974","GFD",33,"IEL","TRD","1","CALGERNLRVGLVWTAQLFF","2",12.30769231,8,1
"975","GFD",33,"IEL","TRD","1","CALGDGRAYRLGDTDKLIF","1",12.30769231,8,1
"976","GFD",33,"IEL","TRD","2","CACDRVLGEADKLIF","1",12.30769231,8,2
"977","GFD",33,"IEL","TRD","1","CALGETSWARNWGIRGGHDDKLIF","1",10.76923077,7,1
"978","GFD",33,"IEL","TRD","1","CALGEISFTGWGTRLDKLIF","1",7.692307692,5,1
"979","GFD",33,"IEL","TRD","1","CALGESWNLPFISTDKLIF","1",6.153846154,4,1
"980","GFD",33,"IEL","TRD","1","CALGELHWGIDKLIF","1",6.153846154,4,1
"981","GFD",33,"IEL","TRD","1","CALGELSPLDPSWPYAGFGVYTDKLIF","1",4.615384615,3,1
"982","GFD",33,"IEL","TRD","1","CALGELRVFLPGDITPDQATDKLIF","1",4.615384615,3,1
"983","GFD",33,"IEL","TRD","1","CALGEYEFLLDRPYWGDPKLIF","1",3.076923077,2,1
"984","GFD",33,"IEL","TRD","1","CALGALVWAAGGYALYTDKLIF","1",3.076923077,2,1
"985","GFD",33,"IEL","TRD","1","CALGELYPSYWGIRRTDKLIF","1",3.076923077,2,1
"986","GFD",33,"IEL","TRD","1","CALGHSLLGDTGYTDKLIF","1",3.076923077,2,1
"987","GFD",33,"IEL","TRD","1","CALGDAWGIPEYTDKLIF","1",3.076923077,2,1
"988","GFD",33,"IEL","TRD","1","CALGEPVLRYWGTYTDKLIF","1",1.538461538,1,1
"989","GFD",33,"IEL","TRD","1","CALGDFLPQWGDTDKLIF","1",1.538461538,1,1
"990","GFD",33,"IEL","TRD","1","CALGDFLPHWGATDKLIF","1",1.538461538,1,1
"991","GFD",33,"IEL","TRD","1","CALGDFLPHWGATGKLIF","1",1.538461538,1,1
"992","GFD",33,"IEL","TRD","1","CALGEVQGGIDKLIF","1",1.538461538,1,1
"993","GFD",33,"PBL","TRG","8","CATWGGYKKLF","1",68.6746988,57,1
"994","GFD",33,"PBL","TRG","9","CALWEVVDYKKLF","1",26.5060241,22,1
"995","GFD",33,"PBL","TRG","10","CAAWALYYKKLF","1",3.614457831,3,1
"996","GFD",33,"PBL","TRG","9","CALWEEPYYYKLF","1",1.204819277,1,1
"997","GFD",33,"PBL","TRD","1","CALGGTAAGGRRGADKLIF","1",64.36781609,56,2
"998","GFD",33,"PBL","TRD","1","CALGELSLHRRTGATDKLIF","1",19.54022989,17,1
"999","GFD",33,"PBL","TRD","1","CALGAATGDTPLYTDKLIF","1",9.195402299,8,1
"1000","GFD",33,"PBL","TRD","1","CALGLRLGDSSHKLIF","1",5.747126437,5,1
"1001","GFD",33,"PBL","TRD","1","CALGGTAAGGRRGVDKLIF","1",1.149425287,1,1
"1002","GFD",41,"IEL","TRG","8","CATWDRIGHKKLF","2",15.51724138,9,1
"1003","GFD",41,"IEL","TRG","3","CATWDRPYYKKLF","1",15.51724138,9,1
"1004","GFD",41,"IEL","TRG","5","CATWDRQGPKKLF","1",10.34482759,6,1
"1005","GFD",41,"IEL","TRG","4","CATWAGWFKIF","P1",8.620689655,5,1
"1006","GFD",41,"IEL","TRG","2","CATWDGYKKLF","1 or 2",8.620689655,5,1
"1007","GFD",41,"IEL","TRG","4","CATWDGRYYYKKLF","1",5.172413793,3,1
"1008","GFD",41,"IEL","TRG","5","CATWDRPNYKKLF","1",5.172413793,3,1
"1009","GFD",41,"IEL","TRG","3","CATWDRRGKEKLF","1",5.172413793,3,1
"1010","GFD",41,"IEL","TRG","2","CATWDGYYKKLF","1 or 2",5.172413793,3,1
"1011","GFD",41,"IEL","TRG","4","CATWPTHYKKLF","1",3.448275862,2,1
"1012","GFD",41,"IEL","TRG","4","CATWVYYKKLF","1",3.448275862,2,1
"1013","GFD",41,"IEL","TRG","2","CATWDAHKKLF","1 or 2",3.448275862,2,1
"1014","GFD",41,"IEL","TRG","8","CATWDIGTTGWFKIF","P1",1.724137931,1,1
"1015","GFD",41,"IEL","TRG","5","CATWDGRGPKKLF","1",1.724137931,1,1
"1016","GFD",41,"IEL","TRG","5","CATWDRRGPKKLF","1",1.724137931,1,1
"1017","GFD",41,"IEL","TRG","5","CATWDRSPKLF","1 or 2",1.724137931,1,1
"1018","GFD",41,"IEL","TRG","4","CATWATNDYKKLF","2",1.724137931,1,1
"1019","GFD",41,"IEL","TRG","2","CATWDGRYYYKKLF","1",1.724137931,1,1
"1020","GFD",41,"IEL","TRD","1","CALGELSLDAPFYWGIRFGKLIF","1",11.25,9,1
"1021","GFD",41,"IEL","TRD","1","CALGEGATLSPFYWGISGDKLIF","1",7.5,6,1
"1022","GFD",41,"IEL","TRD","1","CALGEREPKIHWGISYTDKLIF","1",7.5,6,1
"1023","GFD",41,"IEL","TRD","1","CALGGPPSYRGAQGDKLIF","1",7.5,6,2
"1024","GFD",41,"IEL","TRD","1","CALGESYFLGDTSDKLIF","1",6.25,5,1
"1025","GFD",41,"IEL","TRD","1","CALGEAVSRPFGGYAGHTDKLIF","1",5,4,1
"1026","GFD",41,"IEL","TRD","1","CALGELRLWAGHWCTDKLIF","1",5,4,1
"1027","GFD",41,"IEL","TRD","1","CALGELPVWGFDKLIF","1",5,4,1
"1028","GFD",41,"IEL","TRD","1","CALGEPKILARTGGYRYTDKLIF","1",3.75,3,1
"1029","GFD",41,"IEL","TRD","1","CALGEGGWDLVLGEDHTDKLIF","1",3.75,3,1
"1030","GFD",41,"IEL","TRD","1","CALGELQRVTYTDKLIF","1",3.75,3,1
"1031","GFD",41,"IEL","TRD","1","CALGDCGLLDTGGFFTDKLIF","1",2.5,2,1
"1032","GFD",41,"IEL","TRD","1","CALGELFQWYGGIRNTDKLIF","1",2.5,2,1
"1033","GFD",41,"IEL","TRD","1","CALGKAFLKGWGILADKLIF","1",2.5,2,1
"1034","GFD",41,"IEL","TRD","1","CALGSNFPWGIRRGKLIF","1",2.5,2,1
"1035","GFD",41,"IEL","TRD","1","CALGPPEREMGVTDKLIF","1",2.5,2,1
"1036","GFD",41,"IEL","TRD","3","CAFRRVFNLLFPWGTPTPTDKLIF","1",1.25,1,1
"1037","GFD",41,"IEL","TRD","1","CALGESDSYWGIGTLTAQLFF","2",1.25,1,1
"1038","GFD",41,"IEL","TRD","1","CALGGGLPTSPYRGLRAQLFF","2",1.25,1,1
"1039","GFD",41,"IEL","TRD","1","CALGELAYLIILGDTLRNYAYTDKLIF","1",1.25,1,1
"1040","GFD",41,"IEL","TRD","1","CALGEPLTPAFLILGDSRGKADKLIF","1",1.25,1,1
"1041","GFD",41,"IEL","TRD","1","CALGEVNGPSYWGYGEYTDKLIF","1",1.25,1,1
"1042","GFD",41,"IEL","TRD","1","CALGEPKILARTGGYEYTDKLIF","1",1.25,1,1
"1043","GFD",41,"IEL","TRD","1","CALGELSLGAPFYWGIRFGKLIF","1",1.25,1,1
"1044","GFD",41,"IEL","TRD","1","CALGELNGPSYWGYGEYTDKLIF","1",1.25,1,1
"1045","GFD",41,"IEL","TRD","1","CALGERYIKLLWGKEYTDKLIF","1",1.25,1,1
"1046","GFD",41,"IEL","TRD","1","CALGDLAASLVGGGVPTDKLIF","1",1.25,1,1
"1047","GFD",41,"IEL","TRD","1","CALGELHHPPQYWGIWMGLIF","1",1.25,1,1
"1048","GFD",41,"IEL","TRD","1","CALGELHHPPQYWGIWIGLIF","1",1.25,1,1
"1049","GFD",41,"IEL","TRD","1","CALGEPPSFVVREVTTDKLIF","1",1.25,1,1
"1050","GFD",41,"IEL","TRD","1","CALGESFLPYWEPRYTDKLIF","1",1.25,1,1
"1051","GFD",41,"IEL","TRD","1","CALGVTLPVPGYPTDKLIF","1",1.25,1,1
"1052","GFD",41,"IEL","TRD","1","CALGTASFPTLGCDKLIF","1",1.25,1,1
"1053","GFD",41,"PBL","TRG","8","CATWDPKLNYYKKLF","2",38.57142857,27,1
"1054","GFD",41,"PBL","TRG","2","CATWDGGEKLF","1 or 2",25.71428571,18,1
"1055","GFD",41,"PBL","TRG","3","CATWDPYYKKLF","1",18.57142857,13,1
"1056","GFD",41,"PBL","TRG","4","CATWDGPYKKLF","1 or 2",8.571428571,6,1
"1057","GFD",41,"PBL","TRG","4","CATWDGHGDKKLF","2",4.285714286,3,1
"1058","GFD",41,"PBL","TRG","4","CATWEERKKLF","1 or 2",2.857142857,2,1
"1059","GFD",41,"PBL","TRG","9","CALWEVHEKLF","1",1.428571429,1,1
"1060","GFD",41,"PBL","TRD","1","CALGALTTSYRVGGLTYTDKLIF","1",25.67567568,19,1
"1061","GFD",41,"PBL","TRD","1","CALGDPFPTGEYTDKLIF","1",16.21621622,12,1
"1062","GFD",41,"PBL","TRD","1","CALGELPPGPDKLIF","1",10.81081081,8,1
"1063","GFD",41,"PBL","TRD","1","CALGVPSFKGWGFFPEYTDKLIF","1",9.459459459,7,1
"1064","GFD",41,"PBL","TRD","1","CALLTGGYIGADKLIF","1",6.756756757,5,1
"1065","GFD",41,"PBL","TRD","1","CALGEFSSDSLTGDTPTAQLFF","2",5.405405405,4,1
"1066","GFD",41,"PBL","TRD","1","CALGGTVPYGSGLIDEYTDKLIF","1",2.702702703,2,1
"1067","GFD",41,"PBL","TRD","1","CALGETSRTGGFAPPTDKLIF","1",2.702702703,2,1
"1068","GFD",41,"PBL","TRD","1","CALGEHPSRTDKLIF","1",2.702702703,2,1
"1069","GFD",41,"PBL","TRD","1","CALGEFSSDSLTGGTPTAQLFF","2",1.351351351,1,1
"1070","GFD",41,"PBL","TRD","1","CALGELQPRGRFLKYWAKSDKLIF","1",1.351351351,1,1
"1071","GFD",41,"PBL","TRD","1","CALGAFTTSYRVGGLTYTDKLIF","1",1.351351351,1,1
"1072","GFD",41,"PBL","TRD","1","CALGALTTSYRVGGGKYTDKLIF","1",1.351351351,1,1
"1073","GFD",41,"PBL","TRD","1","CALGALTTSYRVGGLTYTNKLIF","1",1.351351351,1,1
"1074","GFD",41,"PBL","TRD","1","CALGVGLPAYWDQGRTDKLIF","1",1.351351351,1,1
"1075","GFD",41,"PBL","TRD","1","CALGELRPILSGRYTDKLIF","1",1.351351351,1,1
"1076","GFD",41,"PBL","TRD","1","CALGAPHSEYWGRYTDKLIF","1",1.351351351,1,1
"1077","GFD",41,"PBL","TRD","1","CALGGFPATGGWVYTDKLIF","1",1.351351351,1,1
"1078","GFD",41,"PBL","TRD","1","CALGELLGARGYTDKLIF","1",1.351351351,1,1
"1079","GFD",41,"PBL","TRD","1","CALGDPFPTGGYTDKLIF","1",1.351351351,1,1
"1080","GFD",41,"PBL","TRD","1","CALGDRFRGGEYTDKLIF","1",1.351351351,1,1
"1081","GFD",41,"PBL","TRD","1","CALGERMASLGYTDKLIF","1",1.351351351,1,1
"1082","GFD",43,"IEL","TRG","9","CALWEVRPNYYKKLF","2",64.77272727,57,2
"1083","GFD",43,"IEL","TRG","9","CALWEPGEKLF","1 or 2",9.090909091,8,1
"1084","GFD",43,"IEL","TRG","9","CALFFPVTNYYKKLF","2",6.818181818,6,1
"1085","GFD",43,"IEL","TRG","9","CALWEARPNYYKKLF","2",5.681818182,5,1
"1086","GFD",43,"IEL","TRG","3","CATWDRGDWIKTF","P2",4.545454545,4,1
"1087","GFD",43,"IEL","TRG","9","CALFEVVPNYYKKLF","2",2.272727273,2,1
"1088","GFD",43,"IEL","TRG","9","CALLEAVPNYYKKLF","2",1.136363636,1,1
"1089","GFD",43,"IEL","TRG","9","CALLEAVTNYYKKLF","2",1.136363636,1,1
"1090","GFD",43,"IEL","TRG","9","CALLEVGPNYYKKLF","2",1.136363636,1,1
"1091","GFD",43,"IEL","TRG","9","CALWEALPNYYKKLF","2",1.136363636,1,1
"1092","GFD",43,"IEL","TRG","9","CALWEVLPNYYKKLF","2",1.136363636,1,1
"1093","GFD",43,"IEL","TRG","9","CATWEGRQNYYKKLF","2",1.136363636,1,1
"1094","GFD",43,"IEL","TRD","1","CALGDPQSASYSLGMDHKLIF","1",46.15384615,42,1
"1095","GFD",43,"IEL","TRD","1","CALGEPHPSYENGVDWGTHTDKLIF","1",20.87912088,19,1
"1096","GFD",43,"IEL","TRD","1","CALGSRLNPWGIREGKLIF","1",12.08791209,11,1
"1097","GFD",43,"IEL","TRD","1","CALGELPSQTLWGILREYTDKLIF","1",10.98901099,10,1
"1098","GFD",43,"IEL","TRD","1","CALGELFLPTTLSTGGYRGRLTAQLFF","2",3.296703297,3,1
"1099","GFD",43,"IEL","TRD","1","CALGVPFFQSHKLIF","1",3.296703297,3,1
"1100","GFD",43,"IEL","TRD","1","CALGDPQSASYSLGMGHKLIF","1",1.098901099,1,1
"1101","GFD",43,"IEL","TRD","1","CARGDRQSISYSLGMDHKLIF","1",1.098901099,1,1
"1102","GFD",43,"IEL","TRD","1","CAPGLPLDKLIF","1",1.098901099,1,1
"1103","GFD",113,"IEL","TRG","9","CALWEVERTTGWFKIF","P1",24.61538462,16,1
"1104","GFD",113,"IEL","TRG","3","CATWDGPLMNYKKLF","1",16.92307692,11,1
"1105","GFD",113,"IEL","TRG","10","CAAWDLTTGWFKIF","P1",12.30769231,8,1
"1106","GFD",113,"IEL","TRG","4","CATWDTTGWFKIF","P1",10.76923077,7,1
"1107","GFD",113,"IEL","TRG","4","CATWDGSTRPSINKKLF","1",6.153846154,4,1
"1108","GFD",113,"IEL","TRG","8","CATWDRDSDWIKTF","P2",6.153846154,4,2
"1109","GFD",113,"IEL","TRG","9","CALWEGTLLDYKKLF","1",4.615384615,3,1
"1110","GFD",113,"IEL","TRG","9","CALWEVLPFSEKLF","1",4.615384615,3,1
"1111","GFD",113,"IEL","TRG","9","CVVKGKLF","1",4.615384615,3,1
"1112","GFD",113,"IEL","TRG","2","CATWDPTGWFKIF","P1",3.076923077,2,1
"1113","GFD",113,"IEL","TRG","9","CATWDGLYATGWFKIF","P1",1.538461538,1,1
"1114","GFD",113,"IEL","TRG","4","CATWGWDQPDPQLIRNSF","1",1.538461538,1,1
"1115","GFD",113,"IEL","TRG","4","CATWGWDQPDPQLIRNSL","1",1.538461538,1,1
"1116","GFD",113,"IEL","TRG","10","CAAWDFHWVGSRYF","P1",1.538461538,1,1
"1117","GFD",113,"IEL","TRD","1","CALGEVSPRPLGVASEYTDKLIF","1",8.75,7,1
"1118","GFD",113,"IEL","TRD","1","CALGGPSYRTGGFGADKLIF","1",7.5,6,1
"1119","GFD",113,"IEL","TRD","1","CALGPLPTLGDTIGTDKLIF","1",6.25,5,1
"1120","GFD",113,"IEL","TRD","1","CALGELHPGTLWYTDKLIF","1",6.25,5,1
"1121","GFD",113,"IEL","TRD","1","CALGELLPRGIDITDKLIF","1",6.25,5,1
"1122","GFD",113,"IEL","TRD","1","CALGEPSGVLGDLVDKLIF","1",6.25,5,1
"1123","GFD",113,"IEL","TRD","1","CALGELQFSYWGTPYTDKLIF","1",5,4,1
"1124","GFD",113,"IEL","TRD","1","CALGDSKLNWGIWYTDKLIF","1",5,4,1
"1125","GFD",113,"IEL","TRD","1","CALGGRPGRVWDKLIF","1",5,4,1
"1126","GFD",113,"IEL","TRD","1","CALGELFPGVWGIRYTDKLIF","1",3.75,3,1
"1127","GFD",113,"IEL","TRD","1","CALGELLRSYWGIRERNKLIF","1",3.75,3,1
"1128","GFD",113,"IEL","TRD","1","CALGDSRLAPTLTAQLFF","1",3.75,3,1
"1129","GFD",113,"IEL","TRD","1","CALGKGMTRFLSQSVVGDSAKLIF","1",2.5,2,1
"1130","GFD",113,"IEL","TRD","1","CALGEMSYADHWGRRPGTDKLIF","1",2.5,2,1
"1131","GFD",113,"IEL","TRD","1","CALGARPPRGASTGGPLGQLFF","2",2.5,2,1
"1132","GFD",113,"IEL","TRD","1","CALGEPRAFRATGGYAGDKLIF","1",2.5,2,1
"1133","GFD",113,"IEL","TRD","1","CALGELLPLLGGMFTDKLIF","1",2.5,2,1
"1134","GFD",113,"IEL","TRD","1","CALPAGGRLGDTSVKLIF","1",2.5,2,1
"1135","GFD",113,"IEL","TRD","1","CALGERHLRPYTDKLIF","1",2.5,2,1
"1136","GFD",113,"IEL","TRD","1","CALGVLPTWTGGGELIF","1",2.5,2,1
"1137","GFD",113,"IEL","TRD","1","CALGASAESLGAPWYTDKLIF","1",1.25,1,1
"1138","GFD",113,"IEL","TRD","1","CALGAWEESLGAPWYTDKLIF","1",1.25,1,1
"1139","GFD",113,"IEL","TRD","1","CALGEHNWGYGGKGTDKLIF","1",1.25,1,1
"1140","GFD",113,"IEL","TRD","1","CALGEPKVPYWGIRPDKLIF","1",1.25,1,1
"1141","GFD",113,"IEL","TRD","1","CALGARDPGGTPYTDKLIF","1",1.25,1,1
"1142","GFD",113,"IEL","TRD","1","CAGADLLPGGIDGTDKLIF","1",1.25,1,1
"1143","GFD",113,"IEL","TRD","1","CALGEPSGVAGELVDKLIF","1",1.25,1,1
"1144","GFD",113,"IEL","TRD","1","CALGGRVMGEPTYTDKLIF","1",1.25,1,1
"1145","GFD",113,"IEL","TRD","1","CALGVVGRGILYTDKLIF","1",1.25,1,1
"1146","GFD",113,"IEL","TRD","1","CALGLPFPHKLIF","1",1.25,1,1
"1147","GFD",113,"PBL","TRG","9","CALWEVLGSYYKKLF","1",49.01960784,25,1
"1148","GFD",113,"PBL","TRG","8","CATWDLSGYKKLF","1",13.7254902,7,1
"1149","GFD",113,"PBL","TRG","9","CALWEVAKLF","1 or 2",9.803921569,5,1
"1150","GFD",113,"PBL","TRG","8","CATWDRNKKLF","1 or 2",3.921568627,2,1
"1151","GFD",113,"PBL","TRG","9","CAWWEGVGSYYKKIF","1",1.960784314,1,1
"1152","GFD",113,"PBL","TRG","9","CALWVLHSNYYKKLF","2",1.960784314,1,1
"1153","GFD",113,"PBL","TRG","9","CALWEETLWYKKLF","1",1.960784314,1,1
"1154","GFD",113,"PBL","TRG","9","CALWEVPPYYKKLF","1",1.960784314,1,1
"1155","GFD",113,"PBL","TRG","8","CATWDGTTGWFKIF","P1",1.960784314,1,1
"1156","GFD",113,"PBL","TRG","4","CATWATTRDYKKLF","2 or 1",1.960784314,1,1
"1157","GFD",113,"PBL","TRG","3","CATWDRRRTYKKLF","1",1.960784314,1,1
"1158","GFD",113,"PBL","TRG","8","CAAWDLSGYKKLF","1",1.960784314,1,1
"1159","GFD",113,"PBL","TRG","5","CATWDSGYQKKLF","1",1.960784314,1,1
"1160","GFD",113,"PBL","TRG","4","CATWDVGYYKKLF","1",1.960784314,1,1
"1161","GFD",113,"PBL","TRG","3","CATWGRLYYKKLF","1",1.960784314,1,1
"1162","GFD",113,"PBL","TRG","4","CATWDLPKKLF","1 or 2",1.960784314,1,1
"1163","GFD",113,"PBL","TRD","3","CAFSLPQRTGGYGLGVYTDKLIF","1",18.30985915,13,2
"1164","GFD",113,"PBL","TRD","1","CALGEPFFRYWGSNTDKLIF","1",14.08450704,10,1
"1165","GFD",113,"PBL","TRD","1","CALGELGGGLRRRPTGGPYTDKLIF","1",12.67605634,9,1
"1166","GFD",113,"PBL","TRD","1","CALGPRIFLHWGIRGRYTDKLIF","1",7.042253521,5,1
"1167","GFD",113,"PBL","TRD","1","CALGELDLFGGYTDKLIF","1",5.633802817,4,1
"1168","GFD",113,"PBL","TRD","1","CALGELFSYPKWVGDTVSRTDKLIF","1",4.225352113,3,1
"1169","GFD",113,"PBL","TRD","1","CALGELRPFRTGGSDKLIF","1",4.225352113,3,1
"1170","GFD",113,"PBL","TRD","1","CALGAKGGTPYTDKLIF","1",4.225352113,3,1
"1171","GFD",113,"PBL","TRD","1","CALGEPGILWDKLIF","1",2.816901408,2,1
"1172","GFD",113,"PBL","TRD","1","CALGELGGGLRRRRIGGPYTDKLIF","1",1.408450704,1,1
"1173","GFD",113,"PBL","TRD","1","CALGELGGGLRHRPTGGPYTDKLIF","1",1.408450704,1,1
"1174","GFD",113,"PBL","TRD","1","CALGELTTLGDLWYGTGYTDKLIF","1",1.408450704,1,1
"1175","GFD",113,"PBL","TRD","1","CALGPRIFLHWGIPGRSDDQLIF","1",1.408450704,1,1
"1176","GFD",113,"PBL","TRD","1","CALGPSPLLFYWGISYTDKLIF","1",1.408450704,1,1
"1177","GFD",113,"PBL","TRD","1","CALGGSLPPQIWGIPLTAQLFF","1",1.408450704,1,1
"1178","GFD",113,"PBL","TRD","1","CALGERFTGQRGGYIYTDKLIF","1",1.408450704,1,1
"1179","GFD",113,"PBL","TRD","1","CALGEFSLPTRRGIDRADKLIF","1",1.408450704,1,1
"1180","GFD",113,"PBL","TRD","1","CALGEFSLPTRRGIHRADKLIF","1",1.408450704,1,1
"1181","GFD",113,"PBL","TRD","1","CALGELYGGYLTELYGDKLIF","1",1.408450704,1,1
"1182","GFD",113,"PBL","TRD","1","CALGELAQYWGIRRGDKLIF","1",1.408450704,1,1
"1183","GFD",113,"PBL","TRD","1","CALGEPFFRYWGSNTDKPIF","1",1.408450704,1,1
"1184","GFD",113,"PBL","TRD","1","CGLGEPLIRYWGSNSDKLIF","1",1.408450704,1,1
"1185","GFD",113,"PBL","TRD","1","CALGELDLFGGYTDKLVF","1",1.408450704,1,1
"1186","GFD",113,"PBL","TRD","1","CGVGGLHGGNGYTDKLIF","1",1.408450704,1,1
"1187","GFD",113,"PBL","TRD","1","CALGEVRGWAPYTDKLIF","1",1.408450704,1,1
"1188","GFD",113,"PBL","TRD","1","CASGELDRWGGYTDKLIF","1",1.408450704,1,1
"1189","GFD",113,"PBL","TRD","1","CALGKWGGIRATDKLIF","1",1.408450704,1,1
"1190","GFD",113,"PBL","TRD","1","CALGERLGRGNTKLIF","1",1.408450704,1,1
